id,code,name,updated_at
1,CAT0001,Professional Tools,2025-06-16 15:44:05
2,CAT0002,Furniture,2024-12-09 05:47:05
3,CAT0003,Clothing - Advanced,2025-10-25 16:49:05
4,CAT0004,Superior Sports,2025-01-26 14:28:05
5,CAT0005,Books,2025-01-16 11:36:05
6,CAT0006,Toys - Standard,2024-12-28 13:21:05
7,CAT0007,Elite Food,2025-01-06 14:59:05
8,CAT0008,Garden,2025-03-25 10:46:05
9,CAT0009,Automotive - Professional,2025-03-21 02:16:05
10,CAT0010,Compact Health,2025-12-04 11:27:05
11,CAT0011,Beauty,2025-02-05 09:59:05
12,CAT0012,Jewelry - Vintage,2025-07-13 13:07:05
13,CAT0013,Compact Music,2025-09-15 08:48:05
14,CAT0014,Office,2025-05-19 13:03:05
15,CAT0015,Pet - Standard,2025-11-16 05:21:05
16,CAT0016,Deluxe Baby,2024-12-19 19:08:05
17,CAT0017,Art,2025-06-28 10:09:05
18,CAT0018,Industrial - Basic,2025-03-03 08:21:05
19,CAT0019,Classic Medical,2025-11-22 14:55:05
20,CAT0020,Electronics,2025-02-01 15:59:05
21,CAT0021,Tools - Vintage,2025-06-11 23:02:05
22,CAT0022,Advanced Furniture,2025-02-05 17:16:05
23,CAT0023,Clothing,2025-01-11 21:08:05
24,CAT0024,Sports - Superior,2025-06-25 19:58:05
25,CAT0025,Standard Books,2025-11-25 12:48:05
26,CAT0026,Toys,2025-02-28 08:30:05
27,CAT0027,Food - Modern,2025-04-01 00:40:05
28,CAT0028,Deluxe Garden,2025-05-22 00:14:05
29,CAT0029,Automotive,2024-12-21 04:41:05
30,CAT0030,Health - Vintage,2025-06-11 05:09:05
31,CAT0031,Basic Beauty,2025-08-08 17:33:05
32,CAT0032,Jewelry,2024-12-21 08:14:05
33,CAT0033,Music - Vintage,2025-06-06 14:43:05
34,CAT0034,Advanced Office,2025-05-14 06:48:05
35,CAT0035,Pet,2025-05-30 04:21:05
36,CAT0036,Baby - Classic,2025-06-26 03:21:05
37,CAT0037,Superior Art,2025-07-13 00:13:05
38,CAT0038,Industrial,2025-12-08 10:44:05
39,CAT0039,Medical - Superior,2025-03-05 00:39:05
40,CAT0040,Basic Electronics,2025-03-31 16:51:05
41,CAT0041,Tools,2025-07-27 20:03:05
42,CAT0042,Furniture - Compact,2025-09-04 20:16:05
43,CAT0043,Deluxe Clothing,2025-03-29 19:42:05
44,CAT0044,Sports,2025-11-30 12:47:05
45,CAT0045,Books - Standard,2025-08-20 00:02:05
46,CAT0046,Elite Toys,2025-04-17 06:32:05
47,CAT0047,Food,2025-05-23 06:43:05
48,CAT0048,Garden - Superior,2025-09-08 19:49:05
49,CAT0049,Professional Automotive,2025-10-10 01:31:05
50,CAT0050,Health,2025-01-25 13:51:05
51,CAT0051,Beauty - Elite,2025-01-12 04:39:05
52,CAT0052,Classic Jewelry,2025-08-18 00:43:05
53,CAT0053,Music,2024-12-20 12:05:05
54,CAT0054,Office - Compact,2025-02-20 19:36:05
55,CAT0055,Classic Pet,2025-02-12 09:25:05
56,CAT0056,Baby,2025-08-22 01:36:05
57,CAT0057,Art - Professional,2025-07-31 18:40:05
58,CAT0058,Standard Industrial,2025-04-12 17:02:05
59,CAT0059,Medical,2025-04-03 03:19:05
60,CAT0060,Electronics - Vintage,2025-06-23 12:43:05
61,CAT0061,Modern Tools,2025-12-05 12:27:05
62,CAT0062,Furniture,2025-12-05 01:55:05
63,CAT0063,Clothing - Standard,2025-07-30 12:48:05
64,CAT0064,Elite Sports,2025-02-01 10:33:05
65,CAT0065,Books,2025-10-19 03:42:05
66,CAT0066,Toys - Advanced,2025-06-19 10:47:05
67,CAT0067,Superior Food,2025-01-26 03:09:05
68,CAT0068,Garden,2025-03-02 09:08:05
69,CAT0069,Automotive - Premium,2025-10-27 07:52:05
70,CAT0070,Vintage Health,2025-01-26 20:51:05
71,CAT0071,Beauty,2025-03-10 01:54:05
72,CAT0072,Jewelry - Classic,2024-12-25 20:55:05
73,CAT0073,Advanced Music,2025-08-24 00:10:05
74,CAT0074,Office,2024-12-29 09:23:05
75,CAT0075,Pet - Superior,2025-04-15 18:15:05
76,CAT0076,Standard Baby,2024-12-28 15:54:05
77,CAT0077,Art,2025-10-07 23:10:05
78,CAT0078,Industrial - Standard,2024-12-29 08:14:05
79,CAT0079,Modern Medical,2025-10-03 04:14:05
80,CAT0080,Electronics,2025-07-07 00:46:05
81,CAT0081,Tools - Premium,2025-10-29 06:52:05
82,CAT0082,Modern Furniture,2025-07-28 12:33:05
83,CAT0083,Clothing,2025-01-16 04:30:05
84,CAT0084,Sports - Basic,2025-04-04 16:58:05
85,CAT0085,Modern Books,2025-05-25 07:45:05
86,CAT0086,Toys,2025-09-11 02:14:05
87,CAT0087,Food - Basic,2025-12-06 04:49:05
88,CAT0088,Elite Garden,2024-12-09 21:01:05
89,CAT0089,Automotive,2025-05-18 05:30:05
90,CAT0090,Health - Elite,2025-05-01 20:21:05
91,CAT0091,Classic Beauty,2025-04-04 15:24:05
92,CAT0092,Jewelry,2025-01-14 13:40:05
93,CAT0093,Music - Elite,2025-03-05 20:01:05
94,CAT0094,Standard Office,2024-12-24 17:34:05
95,CAT0095,Pet,2025-09-07 06:44:05
96,CAT0096,Baby - Elite,2025-09-26 20:59:05
97,CAT0097,Classic Art,2024-12-25 10:48:05
98,CAT0098,Industrial,2025-07-09 04:28:05
99,CAT0099,Medical - Standard,2025-01-21 14:30:05
100,CAT0100,Premium Electronics,2025-06-08 21:25:05
101,CAT0101,Tools,2025-01-27 06:31:05
102,CAT0102,Furniture - Deluxe,2025-01-17 09:20:05
103,CAT0103,Classic Clothing,2025-05-12 20:27:05
104,CAT0104,Sports,2025-05-08 08:48:05
105,CAT0105,Books - Deluxe,2025-03-30 14:23:05
106,CAT0106,Standard Toys,2025-09-27 03:37:05
107,CAT0107,Food,2025-09-30 00:49:05
108,CAT0108,Garden - Superior,2025-01-22 05:26:05
109,CAT0109,Basic Automotive,2025-03-26 07:04:05
110,CAT0110,Health,2025-01-03 03:39:05
111,CAT0111,Beauty - Advanced,2025-06-19 19:00:05
112,CAT0112,Vintage Jewelry,2025-10-03 23:51:05
113,CAT0113,Music,2025-02-16 21:56:05
114,CAT0114,Office - Modern,2025-11-13 04:22:05
115,CAT0115,Modern Pet,2025-07-01 17:24:05
116,CAT0116,Baby,2025-10-05 02:14:05
117,CAT0117,Art - Modern,2025-06-18 09:07:05
118,CAT0118,Superior Industrial,2025-03-27 07:05:05
119,CAT0119,Medical,2025-05-09 09:38:05
120,CAT0120,Electronics - Basic,2025-11-23 01:38:05
121,CAT0121,Vintage Tools,2025-09-08 03:36:05
122,CAT0122,Furniture,2025-05-17 04:01:05
123,CAT0123,Clothing - Elite,2025-05-20 13:58:05
124,CAT0124,Basic Sports,2025-07-25 01:50:05
125,CAT0125,Books,2025-05-07 08:22:05
126,CAT0126,Toys - Modern,2025-03-11 17:05:05
127,CAT0127,Compact Food,2024-12-13 21:25:05
128,CAT0128,Garden,2025-10-29 08:15:05
129,CAT0129,Automotive - Deluxe,2025-09-14 19:56:05
130,CAT0130,Compact Health,2025-04-02 15:33:05
131,CAT0131,Beauty,2025-10-12 14:11:05
132,CAT0132,Jewelry - Premium,2025-07-30 17:03:05
133,CAT0133,Elite Music,2025-10-26 11:37:05
134,CAT0134,Office,2025-02-06 22:08:05
135,CAT0135,Pet - Professional,2025-04-28 06:34:05
136,CAT0136,Professional Baby,2025-05-24 18:45:05
137,CAT0137,Art,2025-03-19 06:03:05
138,CAT0138,Industrial - Deluxe,2025-10-03 21:13:05
139,CAT0139,Advanced Medical,2025-04-06 19:15:05
140,CAT0140,Electronics,2025-10-15 17:19:05
141,CAT0141,Tools - Vintage,2025-03-06 01:18:05
142,CAT0142,Superior Furniture,2025-10-07 13:39:05
143,CAT0143,Clothing,2025-08-11 15:47:05
144,CAT0144,Sports - Modern,2025-05-29 08:07:05
145,CAT0145,Superior Books,2025-10-06 22:04:05
146,CAT0146,Toys,2025-11-08 06:20:05
147,CAT0147,Food - Premium,2025-01-01 03:18:05
148,CAT0148,Professional Garden,2025-05-04 02:19:05
149,CAT0149,Automotive,2024-12-09 15:51:05
150,CAT0150,Health - Classic,2025-03-04 15:45:05
151,CAT0151,Basic Beauty,2025-02-22 14:03:05
152,CAT0152,Jewelry,2025-01-27 03:58:05
153,CAT0153,Music - Vintage,2025-07-16 17:36:05
154,CAT0154,Vintage Office,2025-05-29 08:38:05
155,CAT0155,Pet,2025-02-03 16:49:05
156,CAT0156,Baby - Modern,2025-04-16 16:53:05
157,CAT0157,Deluxe Art,2025-02-26 11:26:05
158,CAT0158,Industrial,2025-07-28 06:49:05
159,CAT0159,Medical - Standard,2025-05-13 06:28:05
160,CAT0160,Deluxe Electronics,2025-11-11 14:59:05
161,CAT0161,Tools,2025-09-30 03:51:05
162,CAT0162,Furniture - Advanced,2025-09-12 14:47:05
163,CAT0163,Elite Clothing,2025-06-06 22:54:05
164,CAT0164,Sports,2025-09-05 18:56:05
165,CAT0165,Books - Basic,2025-11-09 03:13:05
166,CAT0166,Advanced Toys,2025-03-11 14:52:05
167,CAT0167,Food,2025-05-02 09:55:05
168,CAT0168,Garden - Vintage,2025-10-20 21:08:05
169,CAT0169,Premium Automotive,2025-01-12 08:06:05
170,CAT0170,Health,2025-03-01 05:26:05
171,CAT0171,Beauty - Standard,2025-04-02 08:37:05
172,CAT0172,Classic Jewelry,2025-01-07 12:36:05
173,CAT0173,Music,2025-11-16 08:15:05
174,CAT0174,Office - Superior,2025-09-17 04:42:05
175,CAT0175,Advanced Pet,2025-05-03 05:31:05
176,CAT0176,Baby,2025-05-08 01:57:05
177,CAT0177,Art - Modern,2025-01-09 13:51:05
178,CAT0178,Elite Industrial,2025-05-04 12:53:05
179,CAT0179,Medical,2025-12-09 02:15:05
180,CAT0180,Electronics - Superior,2025-01-07 06:20:05
181,CAT0181,Compact Tools,2025-01-29 00:16:05
182,CAT0182,Furniture,2025-08-03 15:59:05
183,CAT0183,Clothing - Advanced,2025-12-07 07:44:05
184,CAT0184,Compact Sports,2025-11-24 17:28:05
185,CAT0185,Books,2025-06-02 15:50:05
186,CAT0186,Toys - Premium,2025-01-16 21:43:05
187,CAT0187,Vintage Food,2025-06-25 19:14:05
188,CAT0188,Garden,2025-10-02 06:48:05
189,CAT0189,Automotive - Standard,2025-06-10 13:19:05
190,CAT0190,Superior Health,2025-02-10 13:52:05
191,CAT0191,Beauty,2025-05-17 16:07:05
192,CAT0192,Jewelry - Standard,2025-02-16 19:28:05
193,CAT0193,Superior Music,2025-04-09 08:06:05
194,CAT0194,Office,2025-08-04 00:33:05
195,CAT0195,Pet - Basic,2025-11-18 16:50:05
196,CAT0196,Superior Baby,2025-08-02 18:18:05
197,CAT0197,Art,2025-02-07 21:55:05
198,CAT0198,Industrial - Modern,2025-04-19 03:59:05
199,CAT0199,Professional Medical,2025-10-02 13:14:05
200,CAT0200,Electronics,2024-12-31 18:48:05
201,CAT0201,Tools - Premium,2025-05-13 01:53:05
202,CAT0202,Compact Furniture,2025-11-21 05:29:05
203,CAT0203,Clothing,2025-04-23 02:09:05
204,CAT0204,Sports - Premium,2025-06-04 08:59:05
205,CAT0205,Advanced Books,2025-11-23 23:14:05
206,CAT0206,Toys,2025-03-23 16:53:05
207,CAT0207,Food - Deluxe,2024-12-08 18:16:05
208,CAT0208,Basic Garden,2024-12-31 14:17:05
209,CAT0209,Automotive,2025-03-13 18:36:05
210,CAT0210,Health - Deluxe,2025-05-11 17:46:05
211,CAT0211,Basic Beauty,2025-08-05 14:21:05
212,CAT0212,Jewelry,2025-04-05 19:54:05
213,CAT0213,Music - Compact,2024-12-14 11:56:05
214,CAT0214,Premium Office,2025-07-20 13:41:05
215,CAT0215,Pet,2025-10-17 15:01:05
216,CAT0216,Baby - Modern,2025-03-07 14:07:05
217,CAT0217,Superior Art,2025-07-29 11:42:05
218,CAT0218,Industrial,2025-04-21 13:10:05
219,CAT0219,Medical - Modern,2025-01-18 18:05:05
220,CAT0220,Vintage Electronics,2025-01-28 13:44:05
221,CAT0221,Tools,2025-07-20 16:55:05
222,CAT0222,Furniture - Elite,2025-11-18 06:05:05
223,CAT0223,Classic Clothing,2025-09-22 13:59:05
224,CAT0224,Sports,2025-03-05 10:34:05
225,CAT0225,Books - Modern,2025-04-10 21:23:05
226,CAT0226,Professional Toys,2025-07-13 02:52:05
227,CAT0227,Food,2025-01-23 17:57:05
228,CAT0228,Garden - Professional,2024-12-14 18:35:05
229,CAT0229,Superior Automotive,2025-06-21 11:08:05
230,CAT0230,Health,2025-03-22 14:15:05
231,CAT0231,Beauty - Compact,2024-12-19 02:42:05
232,CAT0232,Classic Jewelry,2025-01-06 14:00:05
233,CAT0233,Music,2024-12-16 13:11:05
234,CAT0234,Office - Advanced,2025-01-13 15:38:05
235,CAT0235,Superior Pet,2024-12-29 16:28:05
236,CAT0236,Baby,2025-06-13 07:56:05
237,CAT0237,Art - Superior,2025-05-01 20:48:05
238,CAT0238,Premium Industrial,2025-08-18 03:34:05
239,CAT0239,Medical,2025-08-06 04:36:05
240,CAT0240,Electronics - Standard,2025-03-21 03:58:05
241,CAT0241,Compact Tools,2025-08-28 14:55:05
242,CAT0242,Furniture,2025-11-08 03:55:05
243,CAT0243,Clothing - Basic,2025-04-28 04:28:05
244,CAT0244,Standard Sports,2024-12-19 13:37:05
245,CAT0245,Books,2025-06-18 02:51:05
246,CAT0246,Toys - Superior,2025-11-17 21:03:05
247,CAT0247,Compact Food,2025-02-10 08:54:05
248,CAT0248,Garden,2025-07-07 05:19:05
249,CAT0249,Automotive - Standard,2025-01-19 04:28:05
250,CAT0250,Elite Health,2025-10-03 07:47:05
251,CAT0251,Beauty,2025-07-26 16:50:05
252,CAT0252,Jewelry - Vintage,2025-05-21 16:47:05
253,CAT0253,Modern Music,2025-01-17 12:06:05
254,CAT0254,Office,2025-08-07 14:25:05
255,CAT0255,Pet - Elite,2025-01-02 17:47:05
256,CAT0256,Professional Baby,2025-06-14 07:56:05
257,CAT0257,Art,2025-08-16 04:43:05
258,CAT0258,Industrial - Deluxe,2025-01-13 22:13:05
259,CAT0259,Modern Medical,2025-11-27 09:23:05
260,CAT0260,Electronics,2025-02-18 10:06:05
261,CAT0261,Tools - Modern,2025-08-19 02:42:05
262,CAT0262,Professional Furniture,2025-03-30 11:12:05
263,CAT0263,Clothing,2025-08-23 03:00:05
264,CAT0264,Sports - Classic,2025-10-19 10:59:05
265,CAT0265,Superior Books,2025-09-04 16:47:05
266,CAT0266,Toys,2025-04-09 18:43:05
267,CAT0267,Food - Superior,2025-09-30 12:01:05
268,CAT0268,Modern Garden,2025-07-27 22:06:05
269,CAT0269,Automotive,2025-09-08 00:40:05
270,CAT0270,Health - Deluxe,2025-11-26 03:13:05
271,CAT0271,Elite Beauty,2025-03-30 03:49:05
272,CAT0272,Jewelry,2025-02-23 10:17:05
273,CAT0273,Music - Professional,2025-04-26 09:23:05
274,CAT0274,Professional Office,2025-09-11 09:59:05
275,CAT0275,Pet,2025-08-06 03:35:05
276,CAT0276,Baby - Elite,2025-07-18 08:55:05
277,CAT0277,Superior Art,2025-08-05 08:17:05
278,CAT0278,Industrial,2025-02-26 21:37:05
279,CAT0279,Medical - Basic,2025-04-04 13:49:05
280,CAT0280,Premium Electronics,2025-09-06 09:11:05
281,CAT0281,Tools,2025-01-20 07:53:05
282,CAT0282,Furniture - Standard,2025-06-26 13:42:05
283,CAT0283,Professional Clothing,2025-07-05 04:59:05
284,CAT0284,Sports,2025-02-21 13:10:05
285,CAT0285,Books - Advanced,2025-08-22 06:41:05
286,CAT0286,Classic Toys,2025-11-17 03:26:05
287,CAT0287,Food,2024-12-09 15:03:05
288,CAT0288,Garden - Compact,2025-04-13 10:20:05
289,CAT0289,Modern Automotive,2025-09-26 23:10:05
290,CAT0290,Health,2025-12-05 18:32:05
291,CAT0291,Beauty - Classic,2025-11-13 04:38:05
292,CAT0292,Deluxe Jewelry,2025-07-17 11:58:05
293,CAT0293,Music,2025-07-11 07:56:05
294,CAT0294,Office - Professional,2025-10-22 18:08:05
295,CAT0295,Classic Pet,2025-03-28 02:29:05
296,CAT0296,Baby,2025-11-04 01:19:05
297,CAT0297,Art - Advanced,2024-12-25 01:49:05
298,CAT0298,Superior Industrial,2025-11-20 04:42:05
299,CAT0299,Medical,2024-12-24 23:28:05
300,CAT0300,Electronics - Elite,2025-06-10 23:33:05
301,CAT0301,Modern Tools,2025-06-11 11:04:05
302,CAT0302,Furniture,2025-05-26 21:02:05
303,CAT0303,Clothing - Professional,2025-02-12 02:24:05
304,CAT0304,Deluxe Sports,2024-12-22 00:09:05
305,CAT0305,Books,2025-12-05 19:09:05
306,CAT0306,Toys - Elite,2025-06-25 05:01:05
307,CAT0307,Deluxe Food,2025-02-04 11:08:05
308,CAT0308,Garden,2025-06-04 22:19:05
309,CAT0309,Automotive - Elite,2025-08-10 03:11:05
310,CAT0310,Standard Health,2025-08-02 16:24:05
311,CAT0311,Beauty,2025-03-14 03:19:05
312,CAT0312,Jewelry - Vintage,2025-10-30 02:16:05
313,CAT0313,Advanced Music,2025-10-22 15:38:05
314,CAT0314,Office,2025-03-19 07:28:05
315,CAT0315,Pet - Vintage,2024-12-30 13:22:05
316,CAT0316,Modern Baby,2025-07-05 08:25:05
317,CAT0317,Art,2025-11-17 00:25:05
318,CAT0318,Industrial - Standard,2025-08-16 22:39:05
319,CAT0319,Advanced Medical,2025-02-11 13:22:05
320,CAT0320,Electronics,2025-09-27 23:41:05
321,CAT0321,Tools - Superior,2025-09-27 02:57:05
322,CAT0322,Professional Furniture,2025-07-23 08:43:05
323,CAT0323,Clothing,2025-03-22 08:36:05
324,CAT0324,Sports - Standard,2025-08-30 10:23:05
325,CAT0325,Modern Books,2025-05-19 10:43:05
326,CAT0326,Toys,2025-08-26 21:32:05
327,CAT0327,Food - Compact,2025-09-22 13:38:05
328,CAT0328,Premium Garden,2025-06-01 09:03:05
329,CAT0329,Automotive,2024-12-08 21:07:05
330,CAT0330,Health - Compact,2025-08-28 03:42:05
331,CAT0331,Elite Beauty,2025-05-06 19:39:05
332,CAT0332,Jewelry,2025-08-18 13:21:05
333,CAT0333,Music - Standard,2025-09-19 11:41:05
334,CAT0334,Advanced Office,2025-04-25 13:36:05
335,CAT0335,Pet,2025-11-19 20:07:05
336,CAT0336,Baby - Modern,2025-03-25 04:08:05
337,CAT0337,Vintage Art,2025-05-08 08:36:05
338,CAT0338,Industrial,2025-03-18 10:11:05
339,CAT0339,Medical - Elite,2025-10-10 02:01:05
340,CAT0340,Modern Electronics,2025-09-02 23:52:05
341,CAT0341,Tools,2025-05-25 13:18:05
342,CAT0342,Furniture - Superior,2025-07-04 21:44:05
343,CAT0343,Compact Clothing,2025-03-23 02:28:05
344,CAT0344,Sports,2025-12-03 21:14:05
345,CAT0345,Books - Classic,2025-04-08 21:23:05
346,CAT0346,Premium Toys,2025-11-21 02:01:05
347,CAT0347,Food,2025-08-25 23:27:05
348,CAT0348,Garden - Elite,2025-08-22 18:04:05
349,CAT0349,Premium Automotive,2025-04-13 03:16:05
350,CAT0350,Health,2025-11-26 09:56:05
351,CAT0351,Beauty - Basic,2024-12-26 22:05:05
352,CAT0352,Premium Jewelry,2025-07-30 17:04:05
353,CAT0353,Music,2025-05-25 01:05:05
354,CAT0354,Office - Basic,2025-05-21 18:17:05
355,CAT0355,Modern Pet,2025-03-05 17:53:05
356,CAT0356,Baby,2025-06-10 15:29:05
357,CAT0357,Art - Superior,2024-12-09 23:43:05
358,CAT0358,Standard Industrial,2025-10-14 11:41:05
359,CAT0359,Medical,2025-08-16 16:33:05
360,CAT0360,Electronics - Superior,2025-03-08 01:50:05
361,CAT0361,Professional Tools,2025-07-19 16:06:05
362,CAT0362,Furniture,2025-06-19 04:03:05
363,CAT0363,Clothing - Standard,2025-07-05 03:20:05
364,CAT0364,Elite Sports,2025-11-23 23:30:05
365,CAT0365,Books,2025-02-25 16:00:05
366,CAT0366,Toys - Deluxe,2024-12-19 05:09:05
367,CAT0367,Vintage Food,2025-10-15 05:57:05
368,CAT0368,Garden,2025-05-11 04:28:05
369,CAT0369,Automotive - Standard,2025-08-11 03:49:05
370,CAT0370,Modern Health,2025-06-11 19:35:05
371,CAT0371,Beauty,2025-02-18 23:51:05
372,CAT0372,Jewelry - Modern,2024-12-08 21:42:05
373,CAT0373,Classic Music,2025-10-19 07:54:05
374,CAT0374,Office,2025-03-05 15:14:05
375,CAT0375,Pet - Superior,2025-01-14 04:23:05
376,CAT0376,Vintage Baby,2025-10-29 14:43:05
377,CAT0377,Art,2025-09-24 10:09:05
378,CAT0378,Industrial - Superior,2024-12-13 01:42:05
379,CAT0379,Superior Medical,2025-01-20 07:28:05
380,CAT0380,Electronics,2025-10-20 04:04:05
381,CAT0381,Tools - Elite,2025-10-20 00:34:05
382,CAT0382,Compact Furniture,2025-09-12 07:17:05
383,CAT0383,Clothing,2025-03-23 12:49:05
384,CAT0384,Sports - Standard,2025-11-18 16:45:05
385,CAT0385,Standard Books,2025-04-26 17:29:05
386,CAT0386,Toys,2025-11-18 16:35:05
387,CAT0387,Food - Standard,2025-01-06 05:21:05
388,CAT0388,Superior Garden,2025-11-02 02:56:05
389,CAT0389,Automotive,2025-10-07 03:36:05
390,CAT0390,Health - Superior,2024-12-10 11:57:05
391,CAT0391,Elite Beauty,2025-11-14 16:39:05
392,CAT0392,Jewelry,2024-12-10 23:18:05
393,CAT0393,Music - Basic,2025-09-18 19:06:05
394,CAT0394,Basic Office,2025-11-25 19:13:05
395,CAT0395,Pet,2025-03-24 03:06:05
396,CAT0396,Baby - Standard,2025-09-03 14:10:05
397,CAT0397,Advanced Art,2025-11-09 10:32:05
398,CAT0398,Industrial,2025-04-09 11:52:05
399,CAT0399,Medical - Advanced,2025-10-30 07:08:05
400,CAT0400,Advanced Electronics,2025-10-05 02:44:05
401,CAT0401,Tools,2025-07-16 23:32:05
402,CAT0402,Furniture - Modern,2025-05-23 07:18:05
403,CAT0403,Superior Clothing,2025-08-04 15:37:05
404,CAT0404,Sports,2025-10-18 08:19:05
405,CAT0405,Books - Premium,2025-02-15 11:18:05
406,CAT0406,Professional Toys,2025-07-12 04:04:05
407,CAT0407,Food,2025-11-06 03:29:05
408,CAT0408,Garden - Standard,2025-09-09 21:42:05
409,CAT0409,Basic Automotive,2025-03-09 00:21:05
410,CAT0410,Health,2025-05-28 00:03:05
411,CAT0411,Beauty - Compact,2024-12-21 09:14:05
412,CAT0412,Deluxe Jewelry,2025-08-14 23:08:05
413,CAT0413,Music,2025-08-14 05:01:05
414,CAT0414,Office - Advanced,2025-02-03 07:42:05
415,CAT0415,Elite Pet,2025-03-30 10:53:05
416,CAT0416,Baby,2025-09-23 13:48:05
417,CAT0417,Art - Basic,2025-11-22 15:26:05
418,CAT0418,Compact Industrial,2025-03-16 09:45:05
419,CAT0419,Medical,2025-04-21 17:31:05
420,CAT0420,Electronics - Basic,2025-07-18 02:58:05
421,CAT0421,Deluxe Tools,2025-11-19 10:53:05
422,CAT0422,Furniture,2025-11-18 12:21:05
423,CAT0423,Clothing - Classic,2025-11-26 21:18:05
424,CAT0424,Vintage Sports,2025-02-13 13:41:05
425,CAT0425,Books,2025-11-16 03:40:05
426,CAT0426,Toys - Compact,2025-03-14 21:53:05
427,CAT0427,Basic Food,2025-07-15 08:45:05
428,CAT0428,Garden,2025-02-19 12:48:05
429,CAT0429,Automotive - Vintage,2025-08-21 03:29:05
430,CAT0430,Superior Health,2025-04-30 01:01:05
431,CAT0431,Beauty,2025-08-23 09:53:05
432,CAT0432,Jewelry - Compact,2024-12-17 11:00:05
433,CAT0433,Vintage Music,2025-08-04 15:41:05
434,CAT0434,Office,2025-06-27 16:51:05
435,CAT0435,Pet - Professional,2025-05-20 13:22:05
436,CAT0436,Vintage Baby,2025-05-30 05:02:05
437,CAT0437,Art,2025-03-16 08:07:05
438,CAT0438,Industrial - Superior,2025-01-23 16:23:05
439,CAT0439,Basic Medical,2025-11-16 15:35:05
440,CAT0440,Electronics,2025-06-01 01:20:05
441,CAT0441,Tools - Deluxe,2025-01-15 17:30:05
442,CAT0442,Advanced Furniture,2025-06-08 07:38:05
443,CAT0443,Clothing,2025-10-28 10:25:05
444,CAT0444,Sports - Classic,2025-08-28 00:07:05
445,CAT0445,Modern Books,2025-07-28 13:21:05
446,CAT0446,Toys,2025-07-23 06:20:05
447,CAT0447,Food - Elite,2025-05-08 22:51:05
448,CAT0448,Elite Garden,2025-07-04 20:41:05
449,CAT0449,Automotive,2025-11-24 10:14:05
450,CAT0450,Health - Vintage,2025-04-02 00:53:05
451,CAT0451,Superior Beauty,2025-03-07 12:15:05
452,CAT0452,Jewelry,2025-11-08 18:21:05
453,CAT0453,Music - Compact,2025-05-17 14:21:05
454,CAT0454,Compact Office,2025-07-20 02:39:05
455,CAT0455,Pet,2025-11-27 05:31:05
456,CAT0456,Baby - Premium,2024-12-14 20:06:05
457,CAT0457,Elite Art,2025-04-01 07:35:05
458,CAT0458,Industrial,2025-01-25 06:33:05
459,CAT0459,Medical - Superior,2025-02-09 00:05:05
460,CAT0460,Professional Electronics,2025-01-22 20:46:05
461,CAT0461,Tools,2025-08-18 00:17:05
462,CAT0462,Furniture - Modern,2025-08-24 19:50:05
463,CAT0463,Compact Clothing,2025-01-05 15:52:05
464,CAT0464,Sports,2025-01-30 18:00:05
465,CAT0465,Books - Modern,2025-11-07 20:25:05
466,CAT0466,Professional Toys,2025-10-21 07:49:05
467,CAT0467,Food,2025-09-13 16:25:05
468,CAT0468,Garden - Compact,2025-08-22 05:55:05
469,CAT0469,Vintage Automotive,2025-03-07 09:35:05
470,CAT0470,Health,2025-08-16 22:08:05
471,CAT0471,Beauty - Modern,2025-04-24 05:40:05
472,CAT0472,Superior Jewelry,2025-05-28 01:33:05
473,CAT0473,Music,2025-05-14 00:56:05
474,CAT0474,Office - Professional,2025-03-18 06:27:05
475,CAT0475,Vintage Pet,2024-12-31 23:32:05
476,CAT0476,Baby,2025-03-21 01:50:05
477,CAT0477,Art - Elite,2025-01-13 13:45:05
478,CAT0478,Modern Industrial,2025-06-27 15:36:05
479,CAT0479,Medical,2025-07-12 00:11:05
480,CAT0480,Electronics - Compact,2025-09-04 15:15:05
481,CAT0481,Premium Tools,2024-12-31 23:08:05
482,CAT0482,Furniture,2025-01-17 09:50:05
483,CAT0483,Clothing - Classic,2025-09-18 16:33:05
484,CAT0484,Advanced Sports,2025-11-04 23:58:05
485,CAT0485,Books,2025-06-22 00:48:05
486,CAT0486,Toys - Classic,2025-03-21 01:28:05
487,CAT0487,Superior Food,2025-06-25 16:29:05
488,CAT0488,Garden,2025-05-15 02:03:05
489,CAT0489,Automotive - Professional,2025-07-12 18:57:05
490,CAT0490,Professional Health,2025-09-12 13:15:05
491,CAT0491,Beauty,2025-08-07 07:38:05
492,CAT0492,Jewelry - Superior,2025-08-05 00:05:05
493,CAT0493,Compact Music,2025-03-22 10:38:05
494,CAT0494,Office,2025-10-31 09:00:05
495,CAT0495,Pet - Premium,2025-01-20 11:43:05
496,CAT0496,Modern Baby,2025-06-12 03:04:05
497,CAT0497,Art,2025-01-08 15:06:05
498,CAT0498,Industrial - Deluxe,2025-11-03 17:41:05
499,CAT0499,Modern Medical,2025-05-08 22:03:05
500,CAT0500,Electronics,2025-05-07 06:54:05
501,CAT0501,Tools - Elite,2025-03-02 11:15:05
502,CAT0502,Deluxe Furniture,2025-06-06 18:42:05
503,CAT0503,Clothing,2025-10-15 10:31:05
504,CAT0504,Sports - Standard,2024-12-15 14:37:05
505,CAT0505,Professional Books,2024-12-26 03:46:05
506,CAT0506,Toys,2025-07-09 07:56:05
507,CAT0507,Food - Basic,2025-02-23 04:28:05
508,CAT0508,Professional Garden,2025-04-17 19:58:05
509,CAT0509,Automotive,2025-10-18 20:38:05
510,CAT0510,Health - Deluxe,2025-02-07 21:31:05
511,CAT0511,Classic Beauty,2025-01-24 22:06:05
512,CAT0512,Jewelry,2025-05-21 02:38:05
513,CAT0513,Music - Basic,2025-06-15 11:15:05
514,CAT0514,Basic Office,2025-03-13 02:31:05
515,CAT0515,Pet,2025-06-18 09:00:05
516,CAT0516,Baby - Elite,2025-06-03 17:18:05
517,CAT0517,Modern Art,2025-10-09 00:19:05
518,CAT0518,Industrial,2025-04-21 03:39:05
519,CAT0519,Medical - Basic,2025-06-24 14:02:05
520,CAT0520,Professional Electronics,2025-07-24 20:00:05
521,CAT0521,Tools,2025-05-17 23:37:05
522,CAT0522,Furniture - Deluxe,2025-03-29 04:46:05
523,CAT0523,Advanced Clothing,2025-08-12 07:06:05
524,CAT0524,Sports,2025-02-15 09:33:05
525,CAT0525,Books - Deluxe,2025-07-31 02:57:05
526,CAT0526,Superior Toys,2025-12-05 01:14:05
527,CAT0527,Food,2025-03-25 21:43:05
528,CAT0528,Garden - Superior,2024-12-16 06:53:05
529,CAT0529,Deluxe Automotive,2025-07-03 15:36:05
530,CAT0530,Health,2025-05-05 00:16:05
531,CAT0531,Beauty - Premium,2025-11-08 09:17:05
532,CAT0532,Standard Jewelry,2025-06-12 01:49:05
533,CAT0533,Music,2025-06-24 11:52:05
534,CAT0534,Office - Vintage,2025-06-15 06:27:05
535,CAT0535,Premium Pet,2025-02-09 08:50:05
536,CAT0536,Baby,2025-06-14 04:09:05
537,CAT0537,Art - Basic,2025-06-05 08:57:05
538,CAT0538,Basic Industrial,2025-04-16 20:00:05
539,CAT0539,Medical,2025-06-14 15:31:05
540,CAT0540,Electronics - Superior,2025-07-15 18:17:05
541,CAT0541,Vintage Tools,2025-08-29 18:14:05
542,CAT0542,Furniture,2025-03-07 04:10:05
543,CAT0543,Clothing - Classic,2025-01-11 17:16:05
544,CAT0544,Compact Sports,2025-06-27 20:32:05
545,CAT0545,Books,2025-01-13 09:52:05
546,CAT0546,Toys - Premium,2025-10-30 20:12:05
547,CAT0547,Basic Food,2025-04-07 12:48:05
548,CAT0548,Garden,2025-07-13 19:36:05
549,CAT0549,Automotive - Classic,2025-05-28 20:13:05
550,CAT0550,Modern Health,2025-09-04 23:10:05
551,CAT0551,Beauty,2025-01-31 09:04:05
552,CAT0552,Jewelry - Premium,2025-06-21 13:41:05
553,CAT0553,Superior Music,2025-08-20 02:45:05
554,CAT0554,Office,2025-02-03 03:14:05
555,CAT0555,Pet - Elite,2025-03-09 02:47:05
556,CAT0556,Compact Baby,2025-07-13 09:26:05
557,CAT0557,Art,2025-05-29 02:15:05
558,CAT0558,Industrial - Standard,2025-10-26 15:25:05
559,CAT0559,Superior Medical,2025-04-30 18:55:05
560,CAT0560,Electronics,2025-04-17 11:48:05
561,CAT0561,Tools - Deluxe,2024-12-25 09:29:05
562,CAT0562,Elite Furniture,2025-04-13 18:07:05
563,CAT0563,Clothing,2025-09-29 22:08:05
564,CAT0564,Sports - Vintage,2025-05-28 10:05:05
565,CAT0565,Modern Books,2025-05-07 07:44:05
566,CAT0566,Toys,2025-06-18 19:40:05
567,CAT0567,Food - Standard,2025-07-26 10:41:05
568,CAT0568,Professional Garden,2025-04-19 13:29:05
569,CAT0569,Automotive,2025-05-21 18:21:05
570,CAT0570,Health - Superior,2024-12-18 22:19:05
571,CAT0571,Professional Beauty,2025-11-28 15:19:05
572,CAT0572,Jewelry,2025-09-28 01:58:05
573,CAT0573,Music - Elite,2025-06-14 01:53:05
574,CAT0574,Superior Office,2025-03-26 02:38:05
575,CAT0575,Pet,2025-02-01 17:20:05
576,CAT0576,Baby - Modern,2025-09-25 16:00:05
577,CAT0577,Vintage Art,2025-10-10 10:52:05
578,CAT0578,Industrial,2025-05-21 00:47:05
579,CAT0579,Medical - Professional,2025-04-04 22:42:05
580,CAT0580,Compact Electronics,2025-09-25 15:10:05
581,CAT0581,Tools,2025-02-20 04:46:05
582,CAT0582,Furniture - Elite,2025-09-08 05:37:05
583,CAT0583,Professional Clothing,2025-03-17 14:35:05
584,CAT0584,Sports,2025-05-01 02:28:05
585,CAT0585,Books - Advanced,2025-04-29 17:26:05
586,CAT0586,Compact Toys,2025-02-15 15:56:05
587,CAT0587,Food,2025-10-06 23:13:05
588,CAT0588,Garden - Classic,2025-02-27 07:33:05
589,CAT0589,Advanced Automotive,2025-05-10 12:52:05
590,CAT0590,Health,2025-11-27 18:51:05
591,CAT0591,Beauty - Vintage,2025-06-15 16:24:05
592,CAT0592,Deluxe Jewelry,2025-06-26 14:44:05
593,CAT0593,Music,2025-11-26 15:44:05
594,CAT0594,Office - Classic,2025-08-15 16:04:05
595,CAT0595,Superior Pet,2025-08-24 20:50:05
596,CAT0596,Baby,2025-11-18 13:44:05
597,CAT0597,Art - Basic,2025-08-22 22:50:05
598,CAT0598,Vintage Industrial,2025-05-07 05:37:05
599,CAT0599,Medical,2025-12-06 07:01:05
600,CAT0600,Electronics - Basic,2025-06-19 20:51:05
601,CAT0601,Elite Tools,2025-08-30 15:13:05
602,CAT0602,Furniture,2025-07-17 15:23:05
603,CAT0603,Clothing - Vintage,2025-09-16 06:33:05
604,CAT0604,Standard Sports,2025-11-29 17:46:05
605,CAT0605,Books,2025-07-08 21:13:05
606,CAT0606,Toys - Advanced,2025-06-25 01:03:05
607,CAT0607,Professional Food,2025-06-20 16:33:05
608,CAT0608,Garden,2024-12-13 21:05:05
609,CAT0609,Automotive - Basic,2025-08-21 15:52:05
610,CAT0610,Advanced Health,2025-10-29 01:22:05
611,CAT0611,Beauty,2025-07-30 21:04:05
612,CAT0612,Jewelry - Premium,2025-01-02 01:52:05
613,CAT0613,Modern Music,2025-10-01 09:13:05
614,CAT0614,Office,2025-06-24 18:07:05
615,CAT0615,Pet - Vintage,2025-06-06 02:59:05
616,CAT0616,Vintage Baby,2025-07-31 19:57:05
617,CAT0617,Art,2025-07-03 21:50:05
618,CAT0618,Industrial - Compact,2025-07-15 23:44:05
619,CAT0619,Modern Medical,2025-04-13 13:18:05
620,CAT0620,Electronics,2025-08-27 06:48:05
621,CAT0621,Tools - Deluxe,2025-07-04 03:23:05
622,CAT0622,Vintage Furniture,2024-12-27 09:13:05
623,CAT0623,Clothing,2025-11-15 16:22:05
624,CAT0624,Sports - Classic,2025-03-08 00:51:05
625,CAT0625,Modern Books,2025-05-04 14:00:05
626,CAT0626,Toys,2025-08-02 15:39:05
627,CAT0627,Food - Basic,2025-10-26 23:35:05
628,CAT0628,Advanced Garden,2025-11-22 02:40:05
629,CAT0629,Automotive,2025-04-16 16:17:05
630,CAT0630,Health - Professional,2024-12-29 14:26:05
631,CAT0631,Elite Beauty,2025-03-22 04:54:05
632,CAT0632,Jewelry,2025-02-10 21:15:05
633,CAT0633,Music - Standard,2025-04-19 07:30:05
634,CAT0634,Superior Office,2025-08-05 16:47:05
635,CAT0635,Pet,2025-01-09 15:00:05
636,CAT0636,Baby - Advanced,2025-09-26 13:05:05
637,CAT0637,Premium Art,2025-07-31 17:07:05
638,CAT0638,Industrial,2024-12-10 06:13:05
639,CAT0639,Medical - Modern,2025-02-23 12:35:05
640,CAT0640,Basic Electronics,2025-11-24 04:07:05
641,CAT0641,Tools,2025-05-24 18:27:05
642,CAT0642,Furniture - Basic,2025-07-10 23:20:05
643,CAT0643,Premium Clothing,2025-11-01 18:10:05
644,CAT0644,Sports,2025-10-14 16:40:05
645,CAT0645,Books - Modern,2025-01-30 04:59:05
646,CAT0646,Standard Toys,2025-06-23 18:57:05
647,CAT0647,Food,2025-03-04 10:43:05
648,CAT0648,Garden - Deluxe,2025-10-29 02:24:05
649,CAT0649,Superior Automotive,2025-08-05 03:46:05
650,CAT0650,Health,2025-11-14 15:32:05
651,CAT0651,Beauty - Classic,2025-08-21 14:25:05
652,CAT0652,Advanced Jewelry,2025-07-03 08:40:05
653,CAT0653,Music,2025-09-25 02:09:05
654,CAT0654,Office - Compact,2024-12-13 00:11:05
655,CAT0655,Standard Pet,2024-12-14 15:40:05
656,CAT0656,Baby,2025-12-01 23:48:05
657,CAT0657,Art - Superior,2024-12-13 04:21:05
658,CAT0658,Advanced Industrial,2025-04-26 03:30:05
659,CAT0659,Medical,2025-07-20 18:51:05
660,CAT0660,Electronics - Basic,2025-06-22 07:21:05
661,CAT0661,Professional Tools,2025-10-21 03:14:05
662,CAT0662,Furniture,2025-02-18 07:50:05
663,CAT0663,Clothing - Classic,2024-12-13 17:57:05
664,CAT0664,Premium Sports,2025-06-08 17:47:05
665,CAT0665,Books,2025-08-16 09:35:05
666,CAT0666,Toys - Standard,2025-03-09 21:55:05
667,CAT0667,Premium Food,2025-08-16 18:18:05
668,CAT0668,Garden,2025-08-24 02:52:05
669,CAT0669,Automotive - Basic,2025-11-19 17:02:05
670,CAT0670,Classic Health,2025-01-29 15:19:05
671,CAT0671,Beauty,2025-01-15 19:13:05
672,CAT0672,Jewelry - Elite,2025-10-05 08:15:05
673,CAT0673,Deluxe Music,2025-02-15 14:52:05
674,CAT0674,Office,2025-12-05 03:27:05
675,CAT0675,Pet - Standard,2025-05-24 17:31:05
676,CAT0676,Advanced Baby,2024-12-14 06:33:05
677,CAT0677,Art,2025-05-07 04:05:05
678,CAT0678,Industrial - Vintage,2025-11-20 07:17:05
679,CAT0679,Standard Medical,2025-09-28 12:23:05
680,CAT0680,Electronics,2025-05-03 22:11:05
681,CAT0681,Tools - Modern,2025-03-25 10:39:05
682,CAT0682,Superior Furniture,2025-01-06 20:16:05
683,CAT0683,Clothing,2025-05-04 17:32:05
684,CAT0684,Sports - Modern,2025-11-13 22:35:05
685,CAT0685,Classic Books,2025-06-22 20:46:05
686,CAT0686,Toys,2025-06-17 09:00:05
687,CAT0687,Food - Modern,2025-09-05 22:37:05
688,CAT0688,Advanced Garden,2025-03-17 09:04:05
689,CAT0689,Automotive,2025-07-23 15:06:05
690,CAT0690,Health - Vintage,2025-06-16 08:00:05
691,CAT0691,Basic Beauty,2025-08-03 21:28:05
692,CAT0692,Jewelry,2025-08-02 08:52:05
693,CAT0693,Music - Elite,2025-09-29 04:01:05
694,CAT0694,Deluxe Office,2025-05-24 20:42:05
695,CAT0695,Pet,2025-03-17 14:14:05
696,CAT0696,Baby - Superior,2025-02-02 09:17:05
697,CAT0697,Basic Art,2024-12-31 14:53:05
698,CAT0698,Industrial,2025-06-10 09:22:05
699,CAT0699,Medical - Superior,2025-01-05 22:38:05
700,CAT0700,Premium Electronics,2025-01-20 02:16:05
701,CAT0701,Tools,2024-12-17 18:48:05
702,CAT0702,Furniture - Compact,2025-10-10 15:48:05
703,CAT0703,Vintage Clothing,2025-03-30 00:38:05
704,CAT0704,Sports,2025-05-14 10:13:05
705,CAT0705,Books - Superior,2025-11-20 02:40:05
706,CAT0706,Deluxe Toys,2025-12-04 03:14:05
707,CAT0707,Food,2025-06-13 02:10:05
708,CAT0708,Garden - Standard,2025-06-03 04:57:05
709,CAT0709,Classic Automotive,2025-04-17 16:13:05
710,CAT0710,Health,2025-10-19 20:51:05
711,CAT0711,Beauty - Basic,2025-10-11 10:22:05
712,CAT0712,Standard Jewelry,2025-09-02 13:11:05
713,CAT0713,Music,2025-11-19 13:06:05
714,CAT0714,Office - Advanced,2025-03-19 14:57:05
715,CAT0715,Basic Pet,2025-08-03 22:48:05
716,CAT0716,Baby,2025-04-23 19:46:05
717,CAT0717,Art - Advanced,2025-08-29 06:23:05
718,CAT0718,Deluxe Industrial,2025-11-25 13:57:05
719,CAT0719,Medical,2025-10-25 14:43:05
720,CAT0720,Electronics - Deluxe,2025-05-09 10:15:05
721,CAT0721,Deluxe Tools,2025-06-30 06:44:05
722,CAT0722,Furniture,2025-05-15 09:04:05
723,CAT0723,Clothing - Elite,2025-10-11 03:44:05
724,CAT0724,Basic Sports,2025-06-28 01:23:05
725,CAT0725,Books,2024-12-17 16:52:05
726,CAT0726,Toys - Elite,2025-09-22 16:12:05
727,CAT0727,Compact Food,2025-08-18 11:01:05
728,CAT0728,Garden,2025-11-13 04:22:05
729,CAT0729,Automotive - Premium,2025-08-08 02:02:05
730,CAT0730,Deluxe Health,2025-02-08 06:39:05
731,CAT0731,Beauty,2025-10-24 13:20:05
732,CAT0732,Jewelry - Premium,2025-07-08 04:40:05
733,CAT0733,Deluxe Music,2024-12-08 23:52:05
734,CAT0734,Office,2025-09-27 04:35:05
735,CAT0735,Pet - Elite,2025-08-18 15:14:05
736,CAT0736,Deluxe Baby,2025-04-27 03:08:05
737,CAT0737,Art,2025-11-22 12:10:05
738,CAT0738,Industrial - Basic,2025-09-03 00:54:05
739,CAT0739,Compact Medical,2025-06-20 11:38:05
740,CAT0740,Electronics,2025-11-07 13:22:05
741,CAT0741,Tools - Premium,2025-09-23 03:20:05
742,CAT0742,Premium Furniture,2025-10-06 14:25:05
743,CAT0743,Clothing,2025-08-09 06:00:05
744,CAT0744,Sports - Compact,2025-01-02 04:40:05
745,CAT0745,Classic Books,2025-11-19 23:02:05
746,CAT0746,Toys,2025-06-11 11:24:05
747,CAT0747,Food - Premium,2025-11-06 18:41:05
748,CAT0748,Advanced Garden,2025-01-12 15:47:05
749,CAT0749,Automotive,2025-10-10 08:08:05
750,CAT0750,Health - Deluxe,2025-06-11 17:41:05
751,CAT0751,Advanced Beauty,2025-02-10 21:15:05
752,CAT0752,Jewelry,2025-03-30 06:40:05
753,CAT0753,Music - Standard,2025-07-15 06:08:05
754,CAT0754,Premium Office,2025-05-04 06:00:05
755,CAT0755,Pet,2025-08-15 09:40:05
756,CAT0756,Baby - Basic,2025-09-30 03:08:05
757,CAT0757,Standard Art,2025-11-19 21:56:05
758,CAT0758,Industrial,2025-08-12 04:16:05
759,CAT0759,Medical - Professional,2024-12-10 04:56:05
760,CAT0760,Deluxe Electronics,2025-05-16 08:09:05
761,CAT0761,Tools,2025-08-24 19:56:05
762,CAT0762,Furniture - Vintage,2025-11-04 19:00:05
763,CAT0763,Premium Clothing,2025-10-03 03:27:05
764,CAT0764,Sports,2025-06-25 22:38:05
765,CAT0765,Books - Compact,2025-06-25 15:19:05
766,CAT0766,Standard Toys,2025-04-04 20:54:05
767,CAT0767,Food,2025-07-07 11:55:05
768,CAT0768,Garden - Advanced,2025-01-25 10:13:05
769,CAT0769,Vintage Automotive,2025-10-19 15:40:05
770,CAT0770,Health,2025-11-02 22:37:05
771,CAT0771,Beauty - Compact,2025-09-30 15:01:05
772,CAT0772,Classic Jewelry,2025-08-02 10:49:05
773,CAT0773,Music,2025-09-27 23:51:05
774,CAT0774,Office - Standard,2025-11-21 12:32:05
775,CAT0775,Advanced Pet,2025-07-23 03:51:05
776,CAT0776,Baby,2025-08-19 00:05:05
777,CAT0777,Art - Compact,2025-07-17 23:53:05
778,CAT0778,Standard Industrial,2025-02-28 21:54:05
779,CAT0779,Medical,2025-07-01 08:24:05
780,CAT0780,Electronics - Premium,2025-04-05 06:29:05
781,CAT0781,Elite Tools,2025-08-08 14:57:05
782,CAT0782,Furniture,2025-06-13 19:36:05
783,CAT0783,Clothing - Basic,2025-08-27 22:35:05
784,CAT0784,Superior Sports,2025-06-18 00:34:05
785,CAT0785,Books,2025-07-03 11:05:05
786,CAT0786,Toys - Elite,2025-06-17 00:19:05
787,CAT0787,Professional Food,2025-08-03 06:05:05
788,CAT0788,Garden,2025-06-03 22:30:05
789,CAT0789,Automotive - Premium,2025-08-15 17:40:05
790,CAT0790,Standard Health,2025-04-13 15:43:05
791,CAT0791,Beauty,2025-05-15 09:54:05
792,CAT0792,Jewelry - Compact,2025-09-30 22:41:05
793,CAT0793,Modern Music,2025-09-13 02:31:05
794,CAT0794,Office,2025-02-24 14:05:05
795,CAT0795,Pet - Compact,2025-10-31 09:34:05
796,CAT0796,Premium Baby,2025-03-03 23:07:05
797,CAT0797,Art,2025-11-26 15:36:05
798,CAT0798,Industrial - Superior,2025-03-02 00:54:05
799,CAT0799,Superior Medical,2025-11-06 01:08:05
800,CAT0800,Electronics,2025-05-21 07:40:05
801,CAT0801,Tools - Modern,2025-05-19 15:39:05
802,CAT0802,Vintage Furniture,2025-01-25 23:51:05
803,CAT0803,Clothing,2025-06-19 11:11:05
804,CAT0804,Sports - Superior,2025-03-16 11:57:05
805,CAT0805,Professional Books,2025-05-21 11:13:05
806,CAT0806,Toys,2025-01-11 18:03:05
807,CAT0807,Food - Classic,2025-12-02 01:30:05
808,CAT0808,Professional Garden,2025-07-08 16:16:05
809,CAT0809,Automotive,2024-12-29 04:21:05
810,CAT0810,Health - Compact,2025-09-09 03:51:05
811,CAT0811,Advanced Beauty,2025-04-23 13:22:05
812,CAT0812,Jewelry,2025-09-30 22:24:05
813,CAT0813,Music - Standard,2025-01-13 17:46:05
814,CAT0814,Professional Office,2024-12-22 15:20:05
815,CAT0815,Pet,2024-12-15 07:26:05
816,CAT0816,Baby - Compact,2025-07-03 12:38:05
817,CAT0817,Advanced Art,2025-11-21 05:30:05
818,CAT0818,Industrial,2024-12-30 23:14:05
819,CAT0819,Medical - Elite,2025-11-25 14:37:05
820,CAT0820,Standard Electronics,2025-03-31 10:50:05
821,CAT0821,Tools,2025-09-29 01:07:05
822,CAT0822,Furniture - Professional,2024-12-28 22:16:05
823,CAT0823,Classic Clothing,2025-01-26 02:34:05
824,CAT0824,Sports,2025-01-16 21:43:05
825,CAT0825,Books - Elite,2025-08-14 22:53:05
826,CAT0826,Vintage Toys,2025-08-05 00:37:05
827,CAT0827,Food,2025-08-17 14:47:05
828,CAT0828,Garden - Vintage,2025-05-31 16:35:05
829,CAT0829,Deluxe Automotive,2025-12-06 02:25:05
830,CAT0830,Health,2025-06-19 16:26:05
831,CAT0831,Beauty - Compact,2025-02-27 23:29:05
832,CAT0832,Vintage Jewelry,2025-12-09 05:36:05
833,CAT0833,Music,2025-06-26 05:49:05
834,CAT0834,Office - Deluxe,2025-07-09 19:20:05
835,CAT0835,Standard Pet,2025-01-09 16:33:05
836,CAT0836,Baby,2025-05-31 03:19:05
837,CAT0837,Art - Basic,2024-12-29 04:09:05
838,CAT0838,Basic Industrial,2025-03-26 05:53:05
839,CAT0839,Medical,2025-02-19 02:50:05
840,CAT0840,Electronics - Superior,2025-10-16 15:42:05
841,CAT0841,Premium Tools,2024-12-13 13:24:05
842,CAT0842,Furniture,2024-12-25 07:29:05
843,CAT0843,Clothing - Compact,2025-04-02 08:17:05
844,CAT0844,Premium Sports,2025-02-19 10:24:05
845,CAT0845,Books,2025-11-12 10:01:05
846,CAT0846,Toys - Compact,2025-10-27 00:14:05
847,CAT0847,Elite Food,2025-03-27 07:54:05
848,CAT0848,Garden,2024-12-19 06:38:05
849,CAT0849,Automotive - Standard,2025-10-04 06:32:05
850,CAT0850,Elite Health,2025-03-27 18:21:05
851,CAT0851,Beauty,2025-03-25 03:56:05
852,CAT0852,Jewelry - Advanced,2025-03-29 13:15:05
853,CAT0853,Advanced Music,2025-04-02 06:28:05
854,CAT0854,Office,2025-09-11 13:23:05
855,CAT0855,Pet - Vintage,2025-01-29 12:12:05
856,CAT0856,Premium Baby,2025-05-06 08:48:05
857,CAT0857,Art,2025-04-14 12:57:05
858,CAT0858,Industrial - Deluxe,2025-05-12 01:16:05
859,CAT0859,Advanced Medical,2025-12-04 16:47:05
860,CAT0860,Electronics,2025-07-22 20:16:05
861,CAT0861,Tools - Basic,2025-08-12 05:23:05
862,CAT0862,Basic Furniture,2025-03-18 11:33:05
863,CAT0863,Clothing,2025-04-17 05:22:05
864,CAT0864,Sports - Advanced,2025-07-03 02:05:05
865,CAT0865,Premium Books,2025-10-22 13:51:05
866,CAT0866,Toys,2025-01-19 20:00:05
867,CAT0867,Food - Superior,2024-12-28 19:29:05
868,CAT0868,Basic Garden,2025-03-28 14:28:05
869,CAT0869,Automotive,2025-12-03 23:13:05
870,CAT0870,Health - Modern,2025-03-25 01:32:05
871,CAT0871,Basic Beauty,2025-04-22 20:23:05
872,CAT0872,Jewelry,2025-05-19 23:13:05
873,CAT0873,Music - Modern,2025-12-07 13:55:05
874,CAT0874,Standard Office,2025-10-01 19:43:05
875,CAT0875,Pet,2025-06-19 18:42:05
876,CAT0876,Baby - Professional,2025-01-04 09:29:05
877,CAT0877,Classic Art,2025-11-26 14:38:05
878,CAT0878,Industrial,2025-04-14 09:20:05
879,CAT0879,Medical - Professional,2024-12-19 07:18:05
880,CAT0880,Basic Electronics,2025-07-11 23:08:05
881,CAT0881,Tools,2025-08-06 14:29:05
882,CAT0882,Furniture - Superior,2025-05-03 12:57:05
883,CAT0883,Elite Clothing,2025-09-13 16:58:05
884,CAT0884,Sports,2025-08-28 09:22:05
885,CAT0885,Books - Advanced,2025-01-12 18:04:05
886,CAT0886,Deluxe Toys,2025-11-02 07:28:05
887,CAT0887,Food,2025-10-04 22:38:05
888,CAT0888,Garden - Compact,2025-08-28 09:10:05
889,CAT0889,Standard Automotive,2025-06-02 19:38:05
890,CAT0890,Health,2025-07-15 20:27:05
891,CAT0891,Beauty - Superior,2025-08-13 08:23:05
892,CAT0892,Professional Jewelry,2025-11-12 04:36:05
893,CAT0893,Music,2024-12-31 07:08:05
894,CAT0894,Office - Standard,2025-11-24 18:10:05
895,CAT0895,Standard Pet,2025-05-19 16:45:05
896,CAT0896,Baby,2025-05-09 04:48:05
897,CAT0897,Art - Superior,2025-08-28 04:45:05
898,CAT0898,Classic Industrial,2025-04-19 13:19:05
899,CAT0899,Medical,2024-12-14 09:32:05
900,CAT0900,Electronics - Compact,2024-12-23 18:57:05
901,CAT0901,Deluxe Tools,2024-12-11 00:37:05
902,CAT0902,Furniture,2025-05-12 02:04:05
903,CAT0903,Clothing - Professional,2025-02-20 02:48:05
904,CAT0904,Professional Sports,2025-02-19 04:57:05
905,CAT0905,Books,2025-12-09 13:05:05
906,CAT0906,Toys - Deluxe,2025-12-06 15:50:05
907,CAT0907,Advanced Food,2025-09-22 22:00:05
908,CAT0908,Garden,2025-03-12 19:51:05
909,CAT0909,Automotive - Professional,2025-04-25 23:21:05
910,CAT0910,Professional Health,2025-10-24 00:22:05
911,CAT0911,Beauty,2025-01-28 04:45:05
912,CAT0912,Jewelry - Superior,2025-10-25 13:02:05
913,CAT0913,Vintage Music,2025-03-11 04:50:05
914,CAT0914,Office,2025-09-11 01:27:05
915,CAT0915,Pet - Basic,2025-03-18 10:42:05
916,CAT0916,Vintage Baby,2025-08-07 09:23:05
917,CAT0917,Art,2025-05-28 18:08:05
918,CAT0918,Industrial - Standard,2025-05-15 18:25:05
919,CAT0919,Advanced Medical,2025-07-07 20:57:05
920,CAT0920,Electronics,2025-11-06 23:49:05
921,CAT0921,Tools - Basic,2025-12-06 07:20:05
922,CAT0922,Modern Furniture,2025-03-20 22:21:05
923,CAT0923,Clothing,2025-08-24 13:05:05
924,CAT0924,Sports - Compact,2025-11-24 23:56:05
925,CAT0925,Standard Books,2025-05-01 05:14:05
926,CAT0926,Toys,2025-02-25 11:54:05
927,CAT0927,Food - Advanced,2025-09-27 01:31:05
928,CAT0928,Superior Garden,2024-12-14 01:04:05
929,CAT0929,Automotive,2025-05-04 14:00:05
930,CAT0930,Health - Basic,2025-09-17 11:44:05
931,CAT0931,Classic Beauty,2025-10-05 11:17:05
932,CAT0932,Jewelry,2025-02-07 08:01:05
933,CAT0933,Music - Elite,2025-07-17 09:19:05
934,CAT0934,Superior Office,2025-06-01 22:45:05
935,CAT0935,Pet,2025-04-08 07:42:05
936,CAT0936,Baby - Professional,2025-05-13 20:39:05
937,CAT0937,Advanced Art,2025-11-10 13:49:05
938,CAT0938,Industrial,2025-12-05 01:10:05
939,CAT0939,Medical - Standard,2025-10-15 18:37:05
940,CAT0940,Vintage Electronics,2025-01-08 00:05:05
941,CAT0941,Tools,2025-08-23 02:45:05
942,CAT0942,Furniture - Basic,2024-12-11 15:31:05
943,CAT0943,Superior Clothing,2024-12-14 16:07:05
944,CAT0944,Sports,2025-08-30 17:26:05
945,CAT0945,Books - Standard,2025-11-19 06:16:05
946,CAT0946,Classic Toys,2025-10-26 02:56:05
947,CAT0947,Food,2025-07-10 12:27:05
948,CAT0948,Garden - Deluxe,2025-10-10 21:37:05
949,CAT0949,Elite Automotive,2025-10-30 08:38:05
950,CAT0950,Health,2025-11-22 05:47:05
951,CAT0951,Beauty - Standard,2024-12-31 04:46:05
952,CAT0952,Compact Jewelry,2025-02-12 12:33:05
953,CAT0953,Music,2025-06-17 18:30:05
954,CAT0954,Office - Professional,2025-08-12 15:50:05
955,CAT0955,Elite Pet,2025-01-22 18:40:05
956,CAT0956,Baby,2025-06-21 12:48:05
957,CAT0957,Art - Premium,2025-09-13 21:40:05
958,CAT0958,Standard Industrial,2025-05-19 10:42:05
959,CAT0959,Medical,2025-03-26 20:12:05
960,CAT0960,Electronics - Compact,2024-12-16 17:18:05
961,CAT0961,Standard Tools,2025-09-26 06:54:05
962,CAT0962,Furniture,2025-07-29 04:01:05
963,CAT0963,Clothing - Advanced,2025-10-31 17:55:05
964,CAT0964,Premium Sports,2025-06-22 23:38:05
965,CAT0965,Books,2025-01-29 18:11:05
966,CAT0966,Toys - Professional,2025-04-07 08:31:05
967,CAT0967,Elite Food,2025-06-22 02:15:05
968,CAT0968,Garden,2025-10-29 15:00:05
969,CAT0969,Automotive - Premium,2025-09-18 00:28:05
970,CAT0970,Vintage Health,2025-05-30 16:34:05
971,CAT0971,Beauty,2025-07-19 10:15:05
972,CAT0972,Jewelry - Deluxe,2025-05-02 14:16:05
973,CAT0973,Classic Music,2025-11-25 03:10:05
974,CAT0974,Office,2025-01-11 04:18:05
975,CAT0975,Pet - Professional,2025-07-30 15:47:05
976,CAT0976,Basic Baby,2025-06-12 11:13:05
977,CAT0977,Art,2025-02-19 23:28:05
978,CAT0978,Industrial - Superior,2025-03-01 02:45:05
979,CAT0979,Professional Medical,2025-10-20 15:55:05
980,CAT0980,Electronics,2025-10-15 17:06:05
981,CAT0981,Tools - Professional,2025-10-20 18:29:05
982,CAT0982,Basic Furniture,2025-04-23 00:56:05
983,CAT0983,Clothing,2025-01-20 12:27:05
984,CAT0984,Sports - Superior,2025-03-07 12:24:05
985,CAT0985,Deluxe Books,2025-05-22 19:21:05
986,CAT0986,Toys,2025-01-08 03:46:05
987,CAT0987,Food - Standard,2025-01-13 17:15:05
988,CAT0988,Deluxe Garden,2025-03-27 14:36:05
989,CAT0989,Automotive,2024-12-08 23:59:05
990,CAT0990,Health - Standard,2025-07-21 01:08:05
991,CAT0991,Classic Beauty,2025-08-12 11:24:05
992,CAT0992,Jewelry,2025-08-29 00:46:05
993,CAT0993,Music - Deluxe,2025-07-30 00:34:05
994,CAT0994,Classic Office,2025-11-06 19:03:05
995,CAT0995,Pet,2025-03-21 07:09:05
996,CAT0996,Baby - Basic,2025-04-28 17:13:05
997,CAT0997,Advanced Art,2024-12-18 01:40:05
998,CAT0998,Industrial,2025-09-22 05:58:05
999,CAT0999,Medical - Vintage,2025-02-10 16:53:05
1000,CAT1000,Classic Electronics,2025-05-01 13:52:05
1001,CAT1001,Tools,2025-02-22 22:47:05
1002,CAT1002,Furniture - Advanced,2025-05-20 19:48:05
1003,CAT1003,Premium Clothing,2025-07-22 07:31:05
1004,CAT1004,Sports,2025-08-30 22:05:05
1005,CAT1005,Books - Elite,2025-07-10 09:05:05
1006,CAT1006,Vintage Toys,2025-02-17 17:11:05
1007,CAT1007,Food,2025-09-05 18:02:05
1008,CAT1008,Garden - Advanced,2025-06-15 08:24:05
1009,CAT1009,Advanced Automotive,2025-07-12 06:42:05
1010,CAT1010,Health,2025-08-19 10:58:05
1011,CAT1011,Beauty - Superior,2025-07-30 12:42:05
1012,CAT1012,Standard Jewelry,2025-04-18 12:45:05
1013,CAT1013,Music,2025-11-29 22:45:05
1014,CAT1014,Office - Advanced,2025-06-18 06:15:05
1015,CAT1015,Modern Pet,2025-11-03 22:50:05
1016,CAT1016,Baby,2025-03-13 21:02:05
1017,CAT1017,Art - Deluxe,2025-10-26 00:46:05
1018,CAT1018,Standard Industrial,2025-07-09 07:36:05
1019,CAT1019,Medical,2025-06-19 00:06:05
1020,CAT1020,Electronics - Modern,2025-04-07 02:27:05
1021,CAT1021,Professional Tools,2025-07-11 20:43:05
1022,CAT1022,Furniture,2024-12-20 22:23:05
1023,CAT1023,Clothing - Vintage,2025-02-01 05:23:05
1024,CAT1024,Compact Sports,2025-12-01 17:23:05
1025,CAT1025,Books,2025-04-20 18:19:05
1026,CAT1026,Toys - Classic,2025-10-13 04:17:05
1027,CAT1027,Modern Food,2025-02-12 11:27:05
1028,CAT1028,Garden,2025-12-01 00:03:05
1029,CAT1029,Automotive - Premium,2025-11-15 21:02:05
1030,CAT1030,Classic Health,2025-06-27 04:05:05
1031,CAT1031,Beauty,2025-05-07 20:53:05
1032,CAT1032,Jewelry - Deluxe,2025-01-07 12:10:05
1033,CAT1033,Modern Music,2025-03-26 16:41:05
1034,CAT1034,Office,2025-01-11 16:25:05
1035,CAT1035,Pet - Advanced,2025-09-09 23:05:05
1036,CAT1036,Compact Baby,2025-08-06 23:39:05
1037,CAT1037,Art,2025-06-30 21:52:05
1038,CAT1038,Industrial - Premium,2025-02-15 10:57:05
1039,CAT1039,Superior Medical,2025-03-18 00:35:05
1040,CAT1040,Electronics,2024-12-10 02:07:05
1041,CAT1041,Tools - Advanced,2025-07-03 22:08:05
1042,CAT1042,Classic Furniture,2025-01-30 20:32:05
1043,CAT1043,Clothing,2024-12-12 13:45:05
1044,CAT1044,Sports - Modern,2025-02-26 03:48:05
1045,CAT1045,Basic Books,2025-02-23 10:34:05
1046,CAT1046,Toys,2025-01-16 02:17:05
1047,CAT1047,Food - Classic,2025-10-20 18:05:05
1048,CAT1048,Basic Garden,2025-08-24 15:41:05
1049,CAT1049,Automotive,2025-11-10 18:33:05
1050,CAT1050,Health - Advanced,2025-08-15 00:35:05
1051,CAT1051,Standard Beauty,2025-09-12 23:46:05
1052,CAT1052,Jewelry,2025-03-16 20:21:05
1053,CAT1053,Music - Standard,2025-09-11 16:31:05
1054,CAT1054,Basic Office,2024-12-27 18:55:05
1055,CAT1055,Pet,2025-02-24 13:38:05
1056,CAT1056,Baby - Superior,2025-01-26 23:50:05
1057,CAT1057,Modern Art,2025-05-20 07:45:05
1058,CAT1058,Industrial,2025-07-18 16:25:05
1059,CAT1059,Medical - Standard,2025-09-28 18:39:05
1060,CAT1060,Premium Electronics,2025-01-20 17:10:05
1061,CAT1061,Tools,2025-07-06 03:13:05
1062,CAT1062,Furniture - Professional,2025-03-23 14:02:05
1063,CAT1063,Classic Clothing,2025-08-09 02:40:05
1064,CAT1064,Sports,2025-03-17 10:42:05
1065,CAT1065,Books - Premium,2024-12-15 02:11:05
1066,CAT1066,Standard Toys,2025-10-04 03:31:05
1067,CAT1067,Food,2025-11-28 01:17:05
1068,CAT1068,Garden - Modern,2025-02-14 09:05:05
1069,CAT1069,Modern Automotive,2025-06-10 11:30:05
1070,CAT1070,Health,2025-03-13 16:44:05
1071,CAT1071,Beauty - Modern,2025-08-21 04:48:05
1072,CAT1072,Professional Jewelry,2025-07-20 12:24:05
1073,CAT1073,Music,2025-05-09 15:36:05
1074,CAT1074,Office - Basic,2025-06-20 08:10:05
1075,CAT1075,Elite Pet,2025-05-26 04:13:05
1076,CAT1076,Baby,2025-03-19 04:07:05
1077,CAT1077,Art - Professional,2025-02-07 06:49:05
1078,CAT1078,Vintage Industrial,2025-11-30 02:26:05
1079,CAT1079,Medical,2025-07-26 20:51:05
1080,CAT1080,Electronics - Advanced,2025-01-26 07:28:05
1081,CAT1081,Deluxe Tools,2025-02-13 15:28:05
1082,CAT1082,Furniture,2025-10-04 15:03:05
1083,CAT1083,Clothing - Classic,2025-11-14 02:55:05
1084,CAT1084,Vintage Sports,2025-10-05 23:26:05
1085,CAT1085,Books,2024-12-12 18:32:05
1086,CAT1086,Toys - Premium,2025-01-05 13:26:05
1087,CAT1087,Deluxe Food,2025-11-26 00:12:05
1088,CAT1088,Garden,2025-02-27 10:29:05
1089,CAT1089,Automotive - Standard,2024-12-11 06:15:05
1090,CAT1090,Compact Health,2025-01-10 03:16:05
1091,CAT1091,Beauty,2025-10-04 08:05:05
1092,CAT1092,Jewelry - Basic,2025-11-07 01:19:05
1093,CAT1093,Vintage Music,2025-06-23 18:53:05
1094,CAT1094,Office,2025-01-12 20:45:05
1095,CAT1095,Pet - Elite,2025-11-20 06:19:05
1096,CAT1096,Vintage Baby,2025-12-04 07:42:05
1097,CAT1097,Art,2025-07-27 12:54:05
1098,CAT1098,Industrial - Advanced,2025-01-23 22:42:05
1099,CAT1099,Vintage Medical,2025-06-12 17:44:05
1100,CAT1100,Electronics,2025-11-06 20:25:05
1101,CAT1101,Tools - Advanced,2025-02-10 06:09:05
1102,CAT1102,Basic Furniture,2025-04-20 11:50:05
1103,CAT1103,Clothing,2025-09-06 04:19:05
1104,CAT1104,Sports - Superior,2025-05-08 12:12:05
1105,CAT1105,Deluxe Books,2025-07-26 04:37:05
1106,CAT1106,Toys,2025-10-02 00:09:05
1107,CAT1107,Food - Vintage,2025-01-15 13:54:05
1108,CAT1108,Compact Garden,2025-05-11 03:47:05
1109,CAT1109,Automotive,2025-07-08 23:00:05
1110,CAT1110,Health - Elite,2025-11-02 17:03:05
1111,CAT1111,Professional Beauty,2025-07-28 00:53:05
1112,CAT1112,Jewelry,2025-08-04 16:23:05
1113,CAT1113,Music - Basic,2025-10-01 08:36:05
1114,CAT1114,Professional Office,2025-03-18 05:20:05
1115,CAT1115,Pet,2025-03-21 22:48:05
1116,CAT1116,Baby - Advanced,2025-02-02 04:38:05
1117,CAT1117,Elite Art,2025-07-31 23:38:05
1118,CAT1118,Industrial,2025-09-05 10:39:05
1119,CAT1119,Medical - Modern,2025-09-04 23:52:05
1120,CAT1120,Basic Electronics,2025-09-22 01:19:05
1121,CAT1121,Tools,2025-05-22 05:11:05
1122,CAT1122,Furniture - Vintage,2025-10-14 16:28:05
1123,CAT1123,Standard Clothing,2025-03-18 06:01:05
1124,CAT1124,Sports,2025-02-10 07:42:05
1125,CAT1125,Books - Standard,2025-04-29 16:52:05
1126,CAT1126,Premium Toys,2025-01-13 19:08:05
1127,CAT1127,Food,2025-02-22 16:40:05
1128,CAT1128,Garden - Superior,2025-01-17 02:55:05
1129,CAT1129,Deluxe Automotive,2024-12-17 03:51:05
1130,CAT1130,Health,2025-05-12 23:42:05
1131,CAT1131,Beauty - Modern,2025-03-24 18:08:05
1132,CAT1132,Compact Jewelry,2025-06-04 08:25:05
1133,CAT1133,Music,2025-01-18 11:10:05
1134,CAT1134,Office - Advanced,2025-09-24 13:59:05
1135,CAT1135,Elite Pet,2025-03-07 21:32:05
1136,CAT1136,Baby,2025-06-25 15:24:05
1137,CAT1137,Art - Basic,2025-02-21 14:55:05
1138,CAT1138,Professional Industrial,2025-02-01 16:14:05
1139,CAT1139,Medical,2025-08-28 09:24:05
1140,CAT1140,Electronics - Modern,2025-11-26 03:16:05
1141,CAT1141,Compact Tools,2025-09-06 00:33:05
1142,CAT1142,Furniture,2025-01-25 19:14:05
1143,CAT1143,Clothing - Superior,2025-08-29 16:50:05
1144,CAT1144,Standard Sports,2025-04-24 17:00:05
1145,CAT1145,Books,2025-05-25 14:54:05
1146,CAT1146,Toys - Superior,2025-09-07 02:52:05
1147,CAT1147,Compact Food,2025-10-15 10:23:05
1148,CAT1148,Garden,2025-02-11 12:08:05
1149,CAT1149,Automotive - Classic,2025-03-03 00:14:05
1150,CAT1150,Standard Health,2025-05-28 22:19:05
1151,CAT1151,Beauty,2025-04-12 01:03:05
1152,CAT1152,Jewelry - Basic,2025-05-03 03:52:05
1153,CAT1153,Basic Music,2025-05-15 01:50:05
1154,CAT1154,Office,2025-10-28 02:06:05
1155,CAT1155,Pet - Vintage,2025-03-28 09:41:05
1156,CAT1156,Elite Baby,2025-10-22 08:27:05
1157,CAT1157,Art,2025-01-19 20:20:05
1158,CAT1158,Industrial - Deluxe,2025-04-27 01:48:05
1159,CAT1159,Professional Medical,2025-03-30 03:53:05
1160,CAT1160,Electronics,2025-04-21 14:40:05
1161,CAT1161,Tools - Classic,2025-05-26 22:51:05
1162,CAT1162,Vintage Furniture,2025-07-16 16:01:05
1163,CAT1163,Clothing,2025-10-10 22:19:05
1164,CAT1164,Sports - Classic,2025-02-16 15:43:05
1165,CAT1165,Deluxe Books,2025-02-03 12:07:05
1166,CAT1166,Toys,2025-09-08 03:03:05
1167,CAT1167,Food - Modern,2025-04-07 11:08:05
1168,CAT1168,Vintage Garden,2025-01-01 07:52:05
1169,CAT1169,Automotive,2025-09-21 05:39:05
1170,CAT1170,Health - Standard,2025-07-17 01:44:05
1171,CAT1171,Professional Beauty,2024-12-10 00:59:05
1172,CAT1172,Jewelry,2025-04-01 23:50:05
1173,CAT1173,Music - Compact,2025-10-12 04:37:05
1174,CAT1174,Superior Office,2025-06-08 03:05:05
1175,CAT1175,Pet,2025-05-26 19:58:05
1176,CAT1176,Baby - Vintage,2025-05-24 17:05:05
1177,CAT1177,Vintage Art,2025-02-06 11:53:05
1178,CAT1178,Industrial,2025-05-01 00:09:05
1179,CAT1179,Medical - Classic,2025-08-04 18:47:05
1180,CAT1180,Basic Electronics,2025-01-31 11:42:05
1181,CAT1181,Tools,2025-09-21 05:50:05
1182,CAT1182,Furniture - Deluxe,2025-07-20 15:55:05
1183,CAT1183,Modern Clothing,2025-05-06 03:36:05
1184,CAT1184,Sports,2025-07-29 07:30:05
1185,CAT1185,Books - Standard,2025-01-23 12:59:05
1186,CAT1186,Classic Toys,2025-11-28 21:03:05
1187,CAT1187,Food,2025-03-16 04:48:05
1188,CAT1188,Garden - Advanced,2025-08-25 08:29:05
1189,CAT1189,Deluxe Automotive,2024-12-10 00:56:05
1190,CAT1190,Health,2025-11-15 18:08:05
1191,CAT1191,Beauty - Vintage,2025-11-18 20:29:05
1192,CAT1192,Premium Jewelry,2025-01-13 22:49:05
1193,CAT1193,Music,2025-03-13 01:50:05
1194,CAT1194,Office - Premium,2025-08-26 08:30:05
1195,CAT1195,Superior Pet,2025-08-27 16:07:05
1196,CAT1196,Baby,2025-10-16 00:26:05
1197,CAT1197,Art - Modern,2024-12-29 19:58:05
1198,CAT1198,Premium Industrial,2025-12-06 05:12:05
1199,CAT1199,Medical,2025-10-12 20:41:05
1200,CAT1200,Electronics - Superior,2025-01-28 22:31:05
1201,CAT1201,Professional Tools,2025-09-26 15:57:05
1202,CAT1202,Furniture,2025-02-11 11:06:05
1203,CAT1203,Clothing - Compact,2025-02-10 09:15:05
1204,CAT1204,Basic Sports,2025-09-07 00:06:05
1205,CAT1205,Books,2025-02-02 12:33:05
1206,CAT1206,Toys - Basic,2025-04-02 16:41:05
1207,CAT1207,Classic Food,2025-06-01 23:56:05
1208,CAT1208,Garden,2025-09-07 07:06:05
1209,CAT1209,Automotive - Compact,2025-08-21 06:35:05
1210,CAT1210,Classic Health,2025-07-17 04:19:05
1211,CAT1211,Beauty,2024-12-10 17:00:05
1212,CAT1212,Jewelry - Classic,2025-06-17 06:48:05
1213,CAT1213,Basic Music,2025-06-06 14:43:05
1214,CAT1214,Office,2025-08-13 05:50:05
1215,CAT1215,Pet - Classic,2025-04-25 15:17:05
1216,CAT1216,Basic Baby,2025-11-21 10:17:05
1217,CAT1217,Art,2025-10-13 04:33:05
1218,CAT1218,Industrial - Classic,2025-05-09 06:53:05
1219,CAT1219,Elite Medical,2025-03-02 14:16:05
1220,CAT1220,Electronics,2025-10-19 13:01:05
1221,CAT1221,Tools - Elite,2025-02-02 01:17:05
1222,CAT1222,Modern Furniture,2025-08-24 09:27:05
1223,CAT1223,Clothing,2025-10-16 14:25:05
1224,CAT1224,Sports - Advanced,2025-09-27 15:41:05
1225,CAT1225,Compact Books,2025-06-27 12:40:05
1226,CAT1226,Toys,2025-03-21 23:24:05
1227,CAT1227,Food - Advanced,2025-11-09 03:09:05
1228,CAT1228,Classic Garden,2025-03-19 02:03:05
1229,CAT1229,Automotive,2025-03-24 04:01:05
1230,CAT1230,Health - Advanced,2025-01-20 02:07:05
1231,CAT1231,Premium Beauty,2025-01-14 13:15:05
1232,CAT1232,Jewelry,2025-05-25 08:05:05
1233,CAT1233,Music - Advanced,2025-03-11 09:18:05
1234,CAT1234,Elite Office,2025-10-17 00:53:05
1235,CAT1235,Pet,2024-12-26 00:51:05
1236,CAT1236,Baby - Basic,2025-09-20 13:52:05
1237,CAT1237,Elite Art,2025-03-20 17:58:05
1238,CAT1238,Industrial,2025-09-12 13:29:05
1239,CAT1239,Medical - Classic,2025-10-02 04:38:05
1240,CAT1240,Elite Electronics,2025-11-18 03:37:05
1241,CAT1241,Tools,2025-11-01 10:22:05
1242,CAT1242,Furniture - Basic,2025-07-22 05:48:05
1243,CAT1243,Elite Clothing,2025-01-24 14:40:05
1244,CAT1244,Sports,2025-08-29 04:21:05
1245,CAT1245,Books - Advanced,2024-12-31 08:59:05
1246,CAT1246,Advanced Toys,2025-04-26 00:20:05
1247,CAT1247,Food,2025-01-12 18:19:05
1248,CAT1248,Garden - Deluxe,2025-06-17 11:43:05
1249,CAT1249,Modern Automotive,2025-07-23 20:01:05
1250,CAT1250,Health,2025-02-01 19:49:05
1251,CAT1251,Beauty - Deluxe,2025-01-08 21:07:05
1252,CAT1252,Modern Jewelry,2025-06-28 02:57:05
1253,CAT1253,Music,2025-01-13 04:38:05
1254,CAT1254,Office - Professional,2025-06-23 05:13:05
1255,CAT1255,Compact Pet,2025-09-23 14:58:05
1256,CAT1256,Baby,2025-11-23 19:44:05
1257,CAT1257,Art - Premium,2025-04-05 10:54:05
1258,CAT1258,Deluxe Industrial,2025-07-06 07:51:05
1259,CAT1259,Medical,2025-06-19 01:13:05
1260,CAT1260,Electronics - Modern,2025-08-09 14:51:05
1261,CAT1261,Professional Tools,2025-07-01 02:45:05
1262,CAT1262,Furniture,2025-04-28 07:19:05
1263,CAT1263,Clothing - Basic,2025-10-26 09:29:05
1264,CAT1264,Advanced Sports,2024-12-24 05:46:05
1265,CAT1265,Books,2025-11-20 17:10:05
1266,CAT1266,Toys - Basic,2025-02-08 06:20:05
1267,CAT1267,Compact Food,2024-12-10 14:31:05
1268,CAT1268,Garden,2025-07-16 15:54:05
1269,CAT1269,Automotive - Classic,2024-12-17 16:23:05
1270,CAT1270,Modern Health,2025-02-25 04:10:05
1271,CAT1271,Beauty,2025-11-24 21:17:05
1272,CAT1272,Jewelry - Deluxe,2025-01-18 08:36:05
1273,CAT1273,Advanced Music,2025-11-29 12:18:05
1274,CAT1274,Office,2025-07-05 15:11:05
1275,CAT1275,Pet - Professional,2025-09-26 18:37:05
1276,CAT1276,Superior Baby,2025-03-14 05:42:05
1277,CAT1277,Art,2025-12-07 17:09:05
1278,CAT1278,Industrial - Modern,2025-08-02 02:54:05
1279,CAT1279,Vintage Medical,2025-04-17 02:27:05
1280,CAT1280,Electronics,2025-03-26 05:04:05
1281,CAT1281,Tools - Basic,2025-07-06 07:17:05
1282,CAT1282,Advanced Furniture,2025-03-13 05:22:05
1283,CAT1283,Clothing,2025-08-08 14:47:05
1284,CAT1284,Sports - Advanced,2025-12-05 23:11:05
1285,CAT1285,Basic Books,2024-12-13 05:03:05
1286,CAT1286,Toys,2025-07-28 19:24:05
1287,CAT1287,Food - Premium,2025-07-15 01:45:05
1288,CAT1288,Vintage Garden,2025-04-05 05:07:05
1289,CAT1289,Automotive,2025-02-16 07:00:05
1290,CAT1290,Health - Professional,2025-10-05 09:47:05
1291,CAT1291,Basic Beauty,2025-04-18 08:47:05
1292,CAT1292,Jewelry,2025-10-30 16:22:05
1293,CAT1293,Music - Premium,2025-05-13 14:39:05
1294,CAT1294,Advanced Office,2025-05-09 08:49:05
1295,CAT1295,Pet,2025-06-09 02:16:05
1296,CAT1296,Baby - Classic,2025-03-17 07:13:05
1297,CAT1297,Deluxe Art,2025-08-27 11:48:05
1298,CAT1298,Industrial,2025-02-27 18:32:05
1299,CAT1299,Medical - Vintage,2025-01-15 14:12:05
1300,CAT1300,Standard Electronics,2025-11-07 01:20:05
1301,CAT1301,Tools,2025-04-27 13:25:05
1302,CAT1302,Furniture - Advanced,2025-03-09 11:55:05
1303,CAT1303,Advanced Clothing,2025-06-19 16:25:05
1304,CAT1304,Sports,2025-10-21 23:40:05
1305,CAT1305,Books - Basic,2024-12-16 05:10:05
1306,CAT1306,Elite Toys,2025-03-21 20:32:05
1307,CAT1307,Food,2024-12-18 10:07:05
1308,CAT1308,Garden - Vintage,2025-12-06 16:57:05
1309,CAT1309,Basic Automotive,2025-03-20 18:56:05
1310,CAT1310,Health,2025-02-21 01:33:05
1311,CAT1311,Beauty - Professional,2025-02-03 17:29:05
1312,CAT1312,Superior Jewelry,2025-04-16 14:47:05
1313,CAT1313,Music,2025-05-02 17:45:05
1314,CAT1314,Office - Basic,2025-07-21 05:27:05
1315,CAT1315,Standard Pet,2025-05-04 12:24:05
1316,CAT1316,Baby,2025-03-22 22:52:05
1317,CAT1317,Art - Standard,2024-12-17 09:51:05
1318,CAT1318,Basic Industrial,2025-01-21 12:29:05
1319,CAT1319,Medical,2025-05-21 20:48:05
1320,CAT1320,Electronics - Vintage,2025-08-01 08:21:05
1321,CAT1321,Premium Tools,2025-04-17 14:45:05
1322,CAT1322,Furniture,2025-03-01 16:56:05
1323,CAT1323,Clothing - Superior,2025-10-15 10:01:05
1324,CAT1324,Basic Sports,2025-10-24 11:10:05
1325,CAT1325,Books,2025-09-08 18:30:05
1326,CAT1326,Toys - Standard,2025-05-09 16:38:05
1327,CAT1327,Standard Food,2025-10-09 04:32:05
1328,CAT1328,Garden,2025-05-13 12:38:05
1329,CAT1329,Automotive - Superior,2025-01-21 22:52:05
1330,CAT1330,Vintage Health,2025-04-26 02:38:05
1331,CAT1331,Beauty,2025-03-02 04:56:05
1332,CAT1332,Jewelry - Classic,2025-01-02 10:38:05
1333,CAT1333,Standard Music,2025-02-17 07:33:05
1334,CAT1334,Office,2025-08-06 22:06:05
1335,CAT1335,Pet - Vintage,2025-01-27 08:05:05
1336,CAT1336,Superior Baby,2024-12-10 12:29:05
1337,CAT1337,Art,2025-10-20 01:37:05
1338,CAT1338,Industrial - Professional,2025-03-06 22:02:05
1339,CAT1339,Superior Medical,2024-12-20 04:32:05
1340,CAT1340,Electronics,2025-09-22 23:22:05
1341,CAT1341,Tools - Modern,2024-12-29 22:17:05
1342,CAT1342,Premium Furniture,2025-04-23 12:06:05
1343,CAT1343,Clothing,2025-03-23 21:23:05
1344,CAT1344,Sports - Basic,2025-04-06 09:34:05
1345,CAT1345,Basic Books,2025-07-01 17:12:05
1346,CAT1346,Toys,2025-01-06 16:57:05
1347,CAT1347,Food - Advanced,2024-12-11 07:28:05
1348,CAT1348,Standard Garden,2025-06-04 18:29:05
1349,CAT1349,Automotive,2025-06-29 20:56:05
1350,CAT1350,Health - Compact,2025-06-22 18:52:05
1351,CAT1351,Advanced Beauty,2024-12-25 15:14:05
1352,CAT1352,Jewelry,2025-02-25 12:50:05
1353,CAT1353,Music - Classic,2025-10-14 19:49:05
1354,CAT1354,Basic Office,2025-04-12 00:36:05
1355,CAT1355,Pet,2025-11-11 00:07:05
1356,CAT1356,Baby - Modern,2025-07-29 09:00:05
1357,CAT1357,Vintage Art,2025-01-08 19:24:05
1358,CAT1358,Industrial,2025-03-23 23:47:05
1359,CAT1359,Medical - Standard,2025-11-28 01:23:05
1360,CAT1360,Premium Electronics,2025-11-19 18:57:05
1361,CAT1361,Tools,2025-05-03 07:32:05
1362,CAT1362,Furniture - Superior,2025-07-10 22:42:05
1363,CAT1363,Standard Clothing,2025-12-08 15:37:05
1364,CAT1364,Sports,2025-10-24 12:10:05
1365,CAT1365,Books - Vintage,2025-07-25 00:49:05
1366,CAT1366,Deluxe Toys,2025-09-12 10:01:05
1367,CAT1367,Food,2025-01-27 23:06:05
1368,CAT1368,Garden - Classic,2025-10-27 02:14:05
1369,CAT1369,Premium Automotive,2025-08-02 14:23:05
1370,CAT1370,Health,2024-12-12 21:52:05
1371,CAT1371,Beauty - Vintage,2025-09-18 05:52:05
1372,CAT1372,Modern Jewelry,2025-11-20 04:03:05
1373,CAT1373,Music,2025-05-11 14:16:05
1374,CAT1374,Office - Premium,2025-10-26 12:49:05
1375,CAT1375,Superior Pet,2025-10-04 08:14:05
1376,CAT1376,Baby,2025-09-29 15:05:05
1377,CAT1377,Art - Advanced,2025-04-15 05:34:05
1378,CAT1378,Modern Industrial,2025-05-03 07:14:05
1379,CAT1379,Medical,2025-05-14 19:44:05
1380,CAT1380,Electronics - Standard,2025-04-02 22:15:05
1381,CAT1381,Elite Tools,2025-09-14 00:53:05
1382,CAT1382,Furniture,2025-05-02 18:17:05
1383,CAT1383,Clothing - Deluxe,2024-12-17 10:35:05
1384,CAT1384,Superior Sports,2025-04-10 22:57:05
1385,CAT1385,Books,2025-03-13 21:07:05
1386,CAT1386,Toys - Deluxe,2025-10-14 06:45:05
1387,CAT1387,Superior Food,2025-07-02 19:58:05
1388,CAT1388,Garden,2025-01-18 04:16:05
1389,CAT1389,Automotive - Modern,2025-05-10 20:58:05
1390,CAT1390,Premium Health,2025-06-13 09:29:05
1391,CAT1391,Beauty,2025-09-08 05:51:05
1392,CAT1392,Jewelry - Superior,2025-12-01 00:52:05
1393,CAT1393,Premium Music,2025-10-07 11:35:05
1394,CAT1394,Office,2025-06-07 10:13:05
1395,CAT1395,Pet - Superior,2025-03-11 12:57:05
1396,CAT1396,Professional Baby,2025-07-16 03:35:05
1397,CAT1397,Art,2025-07-17 08:40:05
1398,CAT1398,Industrial - Advanced,2025-02-08 19:38:05
1399,CAT1399,Classic Medical,2025-08-08 06:25:05
1400,CAT1400,Electronics,2025-03-12 04:16:05
1401,CAT1401,Tools - Superior,2025-10-18 19:04:05
1402,CAT1402,Classic Furniture,2024-12-12 17:30:05
1403,CAT1403,Clothing,2025-09-08 23:56:05
1404,CAT1404,Sports - Modern,2025-11-22 07:15:05
1405,CAT1405,Compact Books,2025-09-05 16:42:05
1406,CAT1406,Toys,2025-12-09 13:11:05
1407,CAT1407,Food - Deluxe,2025-01-31 03:01:05
1408,CAT1408,Classic Garden,2025-05-20 16:13:05
1409,CAT1409,Automotive,2025-03-21 23:05:05
1410,CAT1410,Health - Professional,2025-04-01 16:32:05
1411,CAT1411,Compact Beauty,2025-07-08 12:01:05
1412,CAT1412,Jewelry,2025-11-23 13:02:05
1413,CAT1413,Music - Vintage,2024-12-15 03:05:05
1414,CAT1414,Vintage Office,2025-11-03 08:22:05
1415,CAT1415,Pet,2025-12-06 23:41:05
1416,CAT1416,Baby - Classic,2025-11-05 11:09:05
1417,CAT1417,Superior Art,2025-10-14 04:58:05
1418,CAT1418,Industrial,2025-12-06 13:13:05
1419,CAT1419,Medical - Superior,2024-12-25 12:09:05
1420,CAT1420,Vintage Electronics,2025-01-05 05:39:05
1421,CAT1421,Tools,2025-02-25 08:00:05
1422,CAT1422,Furniture - Premium,2025-06-19 11:52:05
1423,CAT1423,Premium Clothing,2024-12-29 14:36:05
1424,CAT1424,Sports,2025-04-18 17:10:05
1425,CAT1425,Books - Vintage,2025-10-03 16:01:05
1426,CAT1426,Advanced Toys,2025-07-19 22:00:05
1427,CAT1427,Food,2025-01-18 09:39:05
1428,CAT1428,Garden - Advanced,2025-04-06 12:57:05
1429,CAT1429,Compact Automotive,2025-01-20 11:13:05
1430,CAT1430,Health,2025-07-19 19:25:05
1431,CAT1431,Beauty - Premium,2025-05-11 04:38:05
1432,CAT1432,Standard Jewelry,2025-03-26 15:35:05
1433,CAT1433,Music,2025-09-08 20:40:05
1434,CAT1434,Office - Advanced,2025-01-03 04:11:05
1435,CAT1435,Deluxe Pet,2025-11-18 23:43:05
1436,CAT1436,Baby,2025-09-30 22:54:05
1437,CAT1437,Art - Compact,2025-09-11 12:14:05
1438,CAT1438,Elite Industrial,2025-11-13 04:12:05
1439,CAT1439,Medical,2025-10-20 23:44:05
1440,CAT1440,Electronics - Basic,2025-04-26 14:13:05
1441,CAT1441,Advanced Tools,2025-02-15 21:45:05
1442,CAT1442,Furniture,2025-07-09 07:42:05
1443,CAT1443,Clothing - Superior,2024-12-25 10:42:05
1444,CAT1444,Deluxe Sports,2025-10-12 09:05:05
1445,CAT1445,Books,2025-07-05 22:50:05
1446,CAT1446,Toys - Deluxe,2025-11-04 13:26:05
1447,CAT1447,Premium Food,2025-04-28 09:06:05
1448,CAT1448,Garden,2025-06-09 19:59:05
1449,CAT1449,Automotive - Classic,2025-06-06 13:57:05
1450,CAT1450,Premium Health,2025-01-27 22:34:05
1451,CAT1451,Beauty,2025-04-11 11:32:05
1452,CAT1452,Jewelry - Professional,2024-12-09 22:10:05
1453,CAT1453,Compact Music,2025-02-04 22:49:05
1454,CAT1454,Office,2025-03-28 17:36:05
1455,CAT1455,Pet - Compact,2025-10-12 16:13:05
1456,CAT1456,Superior Baby,2025-07-31 13:23:05
1457,CAT1457,Art,2025-08-21 06:54:05
1458,CAT1458,Industrial - Premium,2025-07-27 02:31:05
1459,CAT1459,Professional Medical,2025-05-15 05:41:05
1460,CAT1460,Electronics,2025-03-30 15:07:05
1461,CAT1461,Tools - Deluxe,2025-06-27 01:20:05
1462,CAT1462,Deluxe Furniture,2025-09-13 22:09:05
1463,CAT1463,Clothing,2025-10-28 14:02:05
1464,CAT1464,Sports - Premium,2025-09-02 14:41:05
1465,CAT1465,Compact Books,2025-10-25 04:22:05
1466,CAT1466,Toys,2025-08-04 15:26:05
1467,CAT1467,Food - Basic,2025-07-21 04:00:05
1468,CAT1468,Compact Garden,2025-11-27 04:44:05
1469,CAT1469,Automotive,2025-11-22 23:33:05
1470,CAT1470,Health - Compact,2025-07-23 02:10:05
1471,CAT1471,Elite Beauty,2025-08-22 00:33:05
1472,CAT1472,Jewelry,2025-03-05 20:03:05
1473,CAT1473,Music - Standard,2025-05-01 21:16:05
1474,CAT1474,Standard Office,2025-08-07 01:47:05
1475,CAT1475,Pet,2025-08-06 09:16:05
1476,CAT1476,Baby - Vintage,2025-01-27 01:52:05
1477,CAT1477,Classic Art,2025-06-07 13:10:05
1478,CAT1478,Industrial,2024-12-30 02:29:05
1479,CAT1479,Medical - Superior,2025-05-30 17:54:05
1480,CAT1480,Vintage Electronics,2025-04-16 12:51:05
1481,CAT1481,Tools,2025-05-05 12:35:05
1482,CAT1482,Furniture - Standard,2025-04-27 21:17:05
1483,CAT1483,Basic Clothing,2025-11-25 15:14:05
1484,CAT1484,Sports,2025-11-01 17:31:05
1485,CAT1485,Books - Modern,2025-02-21 08:24:05
1486,CAT1486,Classic Toys,2024-12-19 17:30:05
1487,CAT1487,Food,2025-05-14 12:41:05
1488,CAT1488,Garden - Professional,2025-11-02 15:13:05
1489,CAT1489,Deluxe Automotive,2025-01-08 13:16:05
1490,CAT1490,Health,2025-10-14 12:51:05
1491,CAT1491,Beauty - Superior,2025-01-27 13:35:05
1492,CAT1492,Superior Jewelry,2025-09-10 07:06:05
1493,CAT1493,Music,2025-11-30 06:25:05
1494,CAT1494,Office - Elite,2025-10-02 16:08:05
1495,CAT1495,Elite Pet,2025-06-09 16:55:05
1496,CAT1496,Baby,2025-02-21 00:26:05
1497,CAT1497,Art - Compact,2024-12-09 10:07:05
1498,CAT1498,Premium Industrial,2024-12-14 01:13:05
1499,CAT1499,Medical,2025-02-11 19:47:05
1500,CAT1500,Electronics - Classic,2025-03-10 22:56:05
1501,CAT1501,Modern Tools,2025-11-22 03:08:05
1502,CAT1502,Furniture,2025-07-13 12:02:05
1503,CAT1503,Clothing - Vintage,2025-02-09 00:01:05
1504,CAT1504,Professional Sports,2024-12-10 18:43:05
1505,CAT1505,Books,2025-05-09 10:12:05
1506,CAT1506,Toys - Professional,2025-01-15 00:18:05
1507,CAT1507,Superior Food,2025-04-22 23:19:05
1508,CAT1508,Garden,2025-03-27 07:11:05
1509,CAT1509,Automotive - Superior,2025-09-30 19:04:05
1510,CAT1510,Superior Health,2025-11-06 00:22:05
1511,CAT1511,Beauty,2025-08-29 07:17:05
1512,CAT1512,Jewelry - Professional,2025-06-01 21:51:05
1513,CAT1513,Premium Music,2025-05-18 02:52:05
1514,CAT1514,Office,2025-08-25 07:17:05
1515,CAT1515,Pet - Advanced,2024-12-20 14:39:05
1516,CAT1516,Standard Baby,2025-08-28 17:16:05
1517,CAT1517,Art,2025-01-19 16:50:05
1518,CAT1518,Industrial - Professional,2025-11-15 08:56:05
1519,CAT1519,Superior Medical,2025-05-21 05:32:05
1520,CAT1520,Electronics,2025-10-26 07:14:05
1521,CAT1521,Tools - Professional,2025-10-29 15:05:05
1522,CAT1522,Elite Furniture,2025-06-04 11:03:05
1523,CAT1523,Clothing,2025-06-23 16:46:05
1524,CAT1524,Sports - Elite,2024-12-15 03:11:05
1525,CAT1525,Elite Books,2025-06-17 10:35:05
1526,CAT1526,Toys,2025-07-20 22:11:05
1527,CAT1527,Food - Compact,2025-08-02 19:50:05
1528,CAT1528,Basic Garden,2025-04-21 09:19:05
1529,CAT1529,Automotive,2025-04-06 13:44:05
1530,CAT1530,Health - Standard,2024-12-21 21:50:05
1531,CAT1531,Elite Beauty,2025-02-07 04:35:05
1532,CAT1532,Jewelry,2025-04-08 04:13:05
1533,CAT1533,Music - Advanced,2025-02-04 00:50:05
1534,CAT1534,Compact Office,2025-09-02 02:50:05
1535,CAT1535,Pet,2025-06-14 15:08:05
1536,CAT1536,Baby - Superior,2025-09-16 06:28:05
1537,CAT1537,Professional Art,2025-03-25 09:37:05
1538,CAT1538,Industrial,2025-02-21 11:37:05
1539,CAT1539,Medical - Superior,2025-11-13 07:51:05
1540,CAT1540,Elite Electronics,2025-12-08 10:13:05
1541,CAT1541,Tools,2025-11-03 14:15:05
1542,CAT1542,Furniture - Advanced,2025-06-08 17:20:05
1543,CAT1543,Modern Clothing,2025-04-05 17:08:05
1544,CAT1544,Sports,2025-02-24 00:41:05
1545,CAT1545,Books - Compact,2025-05-18 04:40:05
1546,CAT1546,Professional Toys,2025-06-20 10:42:05
1547,CAT1547,Food,2025-09-08 16:26:05
1548,CAT1548,Garden - Basic,2025-05-10 07:13:05
1549,CAT1549,Advanced Automotive,2025-03-07 21:23:05
1550,CAT1550,Health,2025-09-27 10:39:05
1551,CAT1551,Beauty - Modern,2025-01-03 05:11:05
1552,CAT1552,Classic Jewelry,2025-09-17 14:53:05
1553,CAT1553,Music,2025-06-17 01:05:05
1554,CAT1554,Office - Classic,2025-04-01 05:27:05
1555,CAT1555,Professional Pet,2025-02-14 11:28:05
1556,CAT1556,Baby,2025-08-07 21:53:05
1557,CAT1557,Art - Compact,2025-04-14 08:07:05
1558,CAT1558,Standard Industrial,2025-11-18 16:01:05
1559,CAT1559,Medical,2025-03-24 16:42:05
1560,CAT1560,Electronics - Vintage,2025-03-11 00:47:05
1561,CAT1561,Basic Tools,2024-12-27 20:12:05
1562,CAT1562,Furniture,2025-08-27 04:08:05
1563,CAT1563,Clothing - Basic,2025-05-01 18:05:05
1564,CAT1564,Deluxe Sports,2025-05-31 21:25:05
1565,CAT1565,Books,2025-11-19 08:09:05
1566,CAT1566,Toys - Deluxe,2025-03-26 08:37:05
1567,CAT1567,Basic Food,2025-06-02 21:11:05
1568,CAT1568,Garden,2025-01-06 20:55:05
1569,CAT1569,Automotive - Vintage,2025-10-25 02:19:05
1570,CAT1570,Elite Health,2025-02-17 09:33:05
1571,CAT1571,Beauty,2025-10-29 02:18:05
1572,CAT1572,Jewelry - Professional,2025-08-04 04:46:05
1573,CAT1573,Advanced Music,2025-01-25 05:35:05
1574,CAT1574,Office,2025-02-07 16:30:05
1575,CAT1575,Pet - Professional,2025-07-15 17:35:05
1576,CAT1576,Basic Baby,2025-01-31 05:50:05
1577,CAT1577,Art,2025-05-04 08:14:05
1578,CAT1578,Industrial - Premium,2025-04-29 19:27:05
1579,CAT1579,Basic Medical,2025-02-05 09:58:05
1580,CAT1580,Electronics,2025-06-12 02:01:05
1581,CAT1581,Tools - Classic,2025-08-15 09:55:05
1582,CAT1582,Deluxe Furniture,2025-10-15 20:08:05
1583,CAT1583,Clothing,2025-03-17 02:47:05
1584,CAT1584,Sports - Elite,2025-08-26 01:49:05
1585,CAT1585,Deluxe Books,2025-02-20 05:56:05
1586,CAT1586,Toys,2025-04-25 10:36:05
1587,CAT1587,Food - Standard,2025-01-01 14:36:05
1588,CAT1588,Advanced Garden,2025-05-14 06:09:05
1589,CAT1589,Automotive,2025-03-01 00:56:05
1590,CAT1590,Health - Classic,2025-04-01 03:03:05
1591,CAT1591,Classic Beauty,2025-06-06 05:09:05
1592,CAT1592,Jewelry,2025-02-22 08:11:05
1593,CAT1593,Music - Basic,2025-11-13 13:50:05
1594,CAT1594,Professional Office,2025-11-05 01:02:05
1595,CAT1595,Pet,2025-11-14 21:01:05
1596,CAT1596,Baby - Basic,2025-07-05 20:22:05
1597,CAT1597,Standard Art,2025-10-15 17:29:05
1598,CAT1598,Industrial,2025-06-30 07:52:05
1599,CAT1599,Medical - Vintage,2025-02-19 06:23:05
1600,CAT1600,Basic Electronics,2025-09-15 05:34:05
1601,CAT1601,Tools,2025-11-03 21:00:05
1602,CAT1602,Furniture - Elite,2025-06-09 21:12:05
1603,CAT1603,Professional Clothing,2025-04-08 08:52:05
1604,CAT1604,Sports,2025-03-15 18:47:05
1605,CAT1605,Books - Deluxe,2025-10-24 12:43:05
1606,CAT1606,Professional Toys,2025-04-05 03:52:05
1607,CAT1607,Food,2025-04-24 16:51:05
1608,CAT1608,Garden - Superior,2025-06-06 09:42:05
1609,CAT1609,Superior Automotive,2025-09-06 03:45:05
1610,CAT1610,Health,2024-12-26 11:33:05
1611,CAT1611,Beauty - Professional,2025-03-17 07:35:05
1612,CAT1612,Advanced Jewelry,2025-06-30 18:47:05
1613,CAT1613,Music,2025-07-09 20:44:05
1614,CAT1614,Office - Superior,2024-12-22 18:57:05
1615,CAT1615,Classic Pet,2025-11-14 06:51:05
1616,CAT1616,Baby,2025-11-30 10:41:05
1617,CAT1617,Art - Elite,2025-08-20 08:45:05
1618,CAT1618,Elite Industrial,2025-06-19 00:27:05
1619,CAT1619,Medical,2025-03-21 02:43:05
1620,CAT1620,Electronics - Vintage,2024-12-31 07:33:05
1621,CAT1621,Standard Tools,2025-02-08 00:30:05
1622,CAT1622,Furniture,2025-10-09 04:04:05
1623,CAT1623,Clothing - Professional,2025-09-11 14:47:05
1624,CAT1624,Classic Sports,2025-09-29 01:31:05
1625,CAT1625,Books,2025-01-28 05:11:05
1626,CAT1626,Toys - Modern,2025-12-01 21:34:05
1627,CAT1627,Compact Food,2025-03-06 04:35:05
1628,CAT1628,Garden,2025-06-26 16:05:05
1629,CAT1629,Automotive - Basic,2025-04-25 21:03:05
1630,CAT1630,Modern Health,2025-07-17 23:36:05
1631,CAT1631,Beauty,2025-05-20 23:12:05
1632,CAT1632,Jewelry - Basic,2025-11-14 17:13:05
1633,CAT1633,Professional Music,2024-12-24 13:28:05
1634,CAT1634,Office,2024-12-23 08:52:05
1635,CAT1635,Pet - Classic,2025-09-15 15:06:05
1636,CAT1636,Elite Baby,2025-10-31 06:22:05
1637,CAT1637,Art,2025-03-31 16:31:05
1638,CAT1638,Industrial - Basic,2025-07-30 21:34:05
1639,CAT1639,Elite Medical,2025-04-13 08:05:05
1640,CAT1640,Electronics,2024-12-10 15:44:05
1641,CAT1641,Tools - Elite,2025-10-09 19:03:05
1642,CAT1642,Professional Furniture,2025-06-20 14:26:05
1643,CAT1643,Clothing,2024-12-13 17:25:05
1644,CAT1644,Sports - Professional,2025-01-28 11:30:05
1645,CAT1645,Elite Books,2025-06-27 19:33:05
1646,CAT1646,Toys,2025-05-16 03:48:05
1647,CAT1647,Food - Compact,2025-02-23 00:45:05
1648,CAT1648,Classic Garden,2025-09-06 13:41:05
1649,CAT1649,Automotive,2025-01-10 04:34:05
1650,CAT1650,Health - Vintage,2025-02-20 23:39:05
1651,CAT1651,Modern Beauty,2025-03-01 09:23:05
1652,CAT1652,Jewelry,2025-03-06 16:15:05
1653,CAT1653,Music - Deluxe,2025-11-18 18:36:05
1654,CAT1654,Compact Office,2025-07-29 05:43:05
1655,CAT1655,Pet,2025-10-22 17:40:05
1656,CAT1656,Baby - Premium,2025-03-03 11:42:05
1657,CAT1657,Premium Art,2025-06-13 15:33:05
1658,CAT1658,Industrial,2025-06-26 03:46:05
1659,CAT1659,Medical - Modern,2025-12-02 05:49:05
1660,CAT1660,Advanced Electronics,2025-07-27 19:40:05
1661,CAT1661,Tools,2025-03-14 10:37:05
1662,CAT1662,Furniture - Deluxe,2025-10-16 20:40:05
1663,CAT1663,Standard Clothing,2025-02-25 05:04:05
1664,CAT1664,Sports,2025-09-20 22:19:05
1665,CAT1665,Books - Deluxe,2024-12-12 11:14:05
1666,CAT1666,Compact Toys,2025-02-16 17:47:05
1667,CAT1667,Food,2025-01-09 10:00:05
1668,CAT1668,Garden - Compact,2025-09-28 15:47:05
1669,CAT1669,Elite Automotive,2024-12-18 23:48:05
1670,CAT1670,Health,2025-07-17 02:44:05
1671,CAT1671,Beauty - Advanced,2025-11-14 09:56:05
1672,CAT1672,Vintage Jewelry,2025-08-13 06:57:05
1673,CAT1673,Music,2025-08-16 06:45:05
1674,CAT1674,Office - Premium,2025-07-28 13:08:05
1675,CAT1675,Elite Pet,2025-05-04 18:23:05
1676,CAT1676,Baby,2025-05-25 05:45:05
1677,CAT1677,Art - Vintage,2025-10-16 02:33:05
1678,CAT1678,Premium Industrial,2025-07-18 08:17:05
1679,CAT1679,Medical,2025-09-07 02:43:05
1680,CAT1680,Electronics - Professional,2025-04-14 15:04:05
1681,CAT1681,Basic Tools,2025-04-21 10:46:05
1682,CAT1682,Furniture,2024-12-09 02:53:05
1683,CAT1683,Clothing - Vintage,2025-03-01 17:17:05
1684,CAT1684,Modern Sports,2025-06-22 13:46:05
1685,CAT1685,Books,2025-08-29 10:32:05
1686,CAT1686,Toys - Compact,2025-10-09 13:04:05
1687,CAT1687,Deluxe Food,2025-10-06 18:07:05
1688,CAT1688,Garden,2025-06-17 02:15:05
1689,CAT1689,Automotive - Modern,2025-08-13 10:51:05
1690,CAT1690,Advanced Health,2025-07-15 08:31:05
1691,CAT1691,Beauty,2025-05-30 07:53:05
1692,CAT1692,Jewelry - Standard,2025-10-23 04:57:05
1693,CAT1693,Standard Music,2025-11-13 16:59:05
1694,CAT1694,Office,2025-04-17 13:02:05
1695,CAT1695,Pet - Compact,2024-12-26 23:48:05
1696,CAT1696,Vintage Baby,2025-07-31 03:41:05
1697,CAT1697,Art,2025-10-24 02:46:05
1698,CAT1698,Industrial - Superior,2024-12-23 15:43:05
1699,CAT1699,Superior Medical,2025-10-12 19:39:05
1700,CAT1700,Electronics,2025-10-15 20:55:05
1701,CAT1701,Tools - Modern,2025-11-02 23:12:05
1702,CAT1702,Classic Furniture,2025-07-18 22:38:05
1703,CAT1703,Clothing,2025-12-05 04:33:05
1704,CAT1704,Sports - Superior,2025-06-04 17:00:05
1705,CAT1705,Advanced Books,2024-12-18 17:54:05
1706,CAT1706,Toys,2025-10-09 21:40:05
1707,CAT1707,Food - Advanced,2025-12-05 11:57:05
1708,CAT1708,Advanced Garden,2025-10-20 05:27:05
1709,CAT1709,Automotive,2025-05-15 19:35:05
1710,CAT1710,Health - Advanced,2025-02-15 10:28:05
1711,CAT1711,Classic Beauty,2025-10-08 09:13:05
1712,CAT1712,Jewelry,2025-01-23 19:02:05
1713,CAT1713,Music - Advanced,2025-05-12 02:16:05
1714,CAT1714,Basic Office,2025-01-25 16:37:05
1715,CAT1715,Pet,2025-02-13 14:37:05
1716,CAT1716,Baby - Advanced,2025-06-08 21:13:05
1717,CAT1717,Classic Art,2025-06-07 03:34:05
1718,CAT1718,Industrial,2025-06-10 00:04:05
1719,CAT1719,Medical - Superior,2025-11-07 17:31:05
1720,CAT1720,Advanced Electronics,2025-02-25 23:31:05
1721,CAT1721,Tools,2025-05-21 10:02:05
1722,CAT1722,Furniture - Compact,2025-06-07 11:39:05
1723,CAT1723,Modern Clothing,2024-12-27 03:28:05
1724,CAT1724,Sports,2025-09-17 16:46:05
1725,CAT1725,Books - Vintage,2025-09-25 04:23:05
1726,CAT1726,Vintage Toys,2025-03-26 17:21:05
1727,CAT1727,Food,2025-06-10 20:59:05
1728,CAT1728,Garden - Classic,2025-08-08 08:23:05
1729,CAT1729,Vintage Automotive,2025-03-15 05:14:05
1730,CAT1730,Health,2025-08-07 12:35:05
1731,CAT1731,Beauty - Premium,2025-09-30 02:38:05
1732,CAT1732,Professional Jewelry,2025-08-21 14:16:05
1733,CAT1733,Music,2025-11-20 18:31:05
1734,CAT1734,Office - Standard,2025-07-20 09:19:05
1735,CAT1735,Premium Pet,2025-08-26 04:05:05
1736,CAT1736,Baby,2025-10-26 08:39:05
1737,CAT1737,Art - Standard,2025-11-16 02:06:05
1738,CAT1738,Compact Industrial,2025-09-23 02:47:05
1739,CAT1739,Medical,2025-01-14 05:19:05
1740,CAT1740,Electronics - Premium,2025-10-08 07:49:05
1741,CAT1741,Deluxe Tools,2025-04-20 04:33:05
1742,CAT1742,Furniture,2025-02-28 08:29:05
1743,CAT1743,Clothing - Professional,2025-11-20 11:31:05
1744,CAT1744,Advanced Sports,2025-05-15 20:25:05
1745,CAT1745,Books,2025-03-26 16:26:05
1746,CAT1746,Toys - Deluxe,2025-07-23 17:26:05
1747,CAT1747,Deluxe Food,2025-07-29 19:47:05
1748,CAT1748,Garden,2025-02-27 20:27:05
1749,CAT1749,Automotive - Professional,2025-01-12 04:23:05
1750,CAT1750,Modern Health,2025-07-15 00:48:05
1751,CAT1751,Beauty,2025-11-27 06:32:05
1752,CAT1752,Jewelry - Classic,2025-07-07 20:31:05
1753,CAT1753,Vintage Music,2025-09-17 20:08:05
1754,CAT1754,Office,2025-07-12 19:08:05
1755,CAT1755,Pet - Professional,2024-12-27 12:20:05
1756,CAT1756,Premium Baby,2024-12-23 05:49:05
1757,CAT1757,Art,2025-03-23 21:15:05
1758,CAT1758,Industrial - Basic,2025-02-11 18:31:05
1759,CAT1759,Classic Medical,2025-07-14 03:21:05
1760,CAT1760,Electronics,2025-08-18 23:58:05
1761,CAT1761,Tools - Advanced,2025-03-31 14:17:05
1762,CAT1762,Vintage Furniture,2025-10-08 22:59:05
1763,CAT1763,Clothing,2025-03-31 21:53:05
1764,CAT1764,Sports - Deluxe,2025-06-13 01:01:05
1765,CAT1765,Advanced Books,2025-11-12 00:36:05
1766,CAT1766,Toys,2025-03-20 11:41:05
1767,CAT1767,Food - Standard,2025-02-08 16:00:05
1768,CAT1768,Standard Garden,2025-06-03 01:03:05
1769,CAT1769,Automotive,2025-01-07 11:01:05
1770,CAT1770,Health - Compact,2024-12-10 17:12:05
1771,CAT1771,Professional Beauty,2025-02-02 10:47:05
1772,CAT1772,Jewelry,2025-11-08 03:40:05
1773,CAT1773,Music - Basic,2025-05-25 10:27:05
1774,CAT1774,Basic Office,2025-08-09 00:34:05
1775,CAT1775,Pet,2025-01-15 01:20:05
1776,CAT1776,Baby - Standard,2025-04-22 15:30:05
1777,CAT1777,Classic Art,2025-04-21 22:51:05
1778,CAT1778,Industrial,2025-02-10 19:49:05
1779,CAT1779,Medical - Modern,2025-10-12 21:36:05
1780,CAT1780,Premium Electronics,2025-04-25 11:54:05
1781,CAT1781,Tools,2025-02-11 22:35:05
1782,CAT1782,Furniture - Premium,2025-02-06 20:28:05
1783,CAT1783,Professional Clothing,2025-09-05 14:42:05
1784,CAT1784,Sports,2025-12-08 18:59:05
1785,CAT1785,Books - Superior,2025-06-14 20:48:05
1786,CAT1786,Elite Toys,2025-11-20 07:10:05
1787,CAT1787,Food,2025-11-30 02:06:05
1788,CAT1788,Garden - Superior,2025-04-21 21:15:05
1789,CAT1789,Elite Automotive,2025-01-17 18:51:05
1790,CAT1790,Health,2025-07-19 22:58:05
1791,CAT1791,Beauty - Deluxe,2025-09-24 05:06:05
1792,CAT1792,Vintage Jewelry,2025-07-05 07:39:05
1793,CAT1793,Music,2025-09-19 01:06:05
1794,CAT1794,Office - Advanced,2025-05-10 09:10:05
1795,CAT1795,Modern Pet,2025-11-18 17:10:05
1796,CAT1796,Baby,2025-06-15 23:46:05
1797,CAT1797,Art - Elite,2025-06-01 11:35:05
1798,CAT1798,Modern Industrial,2025-12-04 01:04:05
1799,CAT1799,Medical,2024-12-28 04:51:05
1800,CAT1800,Electronics - Basic,2025-07-01 05:38:05
1801,CAT1801,Premium Tools,2025-05-13 15:28:05
1802,CAT1802,Furniture,2025-09-01 22:46:05
1803,CAT1803,Clothing - Elite,2025-07-19 12:21:05
1804,CAT1804,Advanced Sports,2025-01-31 19:44:05
1805,CAT1805,Books,2025-10-17 23:33:05
1806,CAT1806,Toys - Modern,2025-09-12 01:27:05
1807,CAT1807,Basic Food,2025-06-25 03:58:05
1808,CAT1808,Garden,2024-12-14 09:51:05
1809,CAT1809,Automotive - Elite,2025-06-23 02:07:05
1810,CAT1810,Advanced Health,2025-03-18 23:03:05
1811,CAT1811,Beauty,2025-08-14 00:10:05
1812,CAT1812,Jewelry - Elite,2025-01-31 05:13:05
1813,CAT1813,Modern Music,2025-09-09 14:56:05
1814,CAT1814,Office,2025-03-20 20:33:05
1815,CAT1815,Pet - Elite,2025-04-12 09:02:05
1816,CAT1816,Premium Baby,2025-08-30 08:33:05
1817,CAT1817,Art,2025-06-30 02:42:05
1818,CAT1818,Industrial - Classic,2025-05-30 02:15:05
1819,CAT1819,Vintage Medical,2025-09-08 16:30:05
1820,CAT1820,Electronics,2025-03-13 19:33:05
1821,CAT1821,Tools - Elite,2025-04-12 11:56:05
1822,CAT1822,Professional Furniture,2025-08-12 01:07:05
1823,CAT1823,Clothing,2025-09-15 05:21:05
1824,CAT1824,Sports - Modern,2025-06-02 14:42:05
1825,CAT1825,Deluxe Books,2025-06-10 19:47:05
1826,CAT1826,Toys,2025-08-01 17:39:05
1827,CAT1827,Food - Basic,2025-10-21 01:23:05
1828,CAT1828,Classic Garden,2025-03-09 09:38:05
1829,CAT1829,Automotive,2025-07-29 04:45:05
1830,CAT1830,Health - Modern,2025-04-11 17:31:05
1831,CAT1831,Deluxe Beauty,2025-07-01 12:12:05
1832,CAT1832,Jewelry,2025-02-05 19:11:05
1833,CAT1833,Music - Superior,2025-07-14 15:50:05
1834,CAT1834,Premium Office,2024-12-20 15:06:05
1835,CAT1835,Pet,2025-10-16 13:02:05
1836,CAT1836,Baby - Modern,2025-01-06 12:07:05
1837,CAT1837,Professional Art,2025-12-04 16:30:05
1838,CAT1838,Industrial,2025-05-18 00:15:05
1839,CAT1839,Medical - Modern,2025-11-15 13:59:05
1840,CAT1840,Classic Electronics,2025-03-28 06:28:05
1841,CAT1841,Tools,2025-03-31 10:29:05
1842,CAT1842,Furniture - Modern,2025-04-02 18:11:05
1843,CAT1843,Vintage Clothing,2025-05-19 16:30:05
1844,CAT1844,Sports,2025-10-13 23:04:05
1845,CAT1845,Books - Basic,2025-06-09 05:27:05
1846,CAT1846,Standard Toys,2025-07-08 03:08:05
1847,CAT1847,Food,2025-05-21 00:05:05
1848,CAT1848,Garden - Professional,2025-06-16 20:24:05
1849,CAT1849,Elite Automotive,2025-01-10 02:24:05
1850,CAT1850,Health,2025-11-23 04:04:05
1851,CAT1851,Beauty - Modern,2025-07-09 01:52:05
1852,CAT1852,Professional Jewelry,2025-09-06 00:44:05
1853,CAT1853,Music,2025-01-01 02:04:05
1854,CAT1854,Office - Classic,2024-12-21 06:51:05
1855,CAT1855,Elite Pet,2025-09-29 23:11:05
1856,CAT1856,Baby,2025-01-14 09:13:05
1857,CAT1857,Art - Vintage,2025-09-04 15:06:05
1858,CAT1858,Standard Industrial,2025-04-01 00:16:05
1859,CAT1859,Medical,2025-03-10 00:07:05
1860,CAT1860,Electronics - Classic,2025-08-19 19:47:05
1861,CAT1861,Compact Tools,2025-01-22 16:37:05
1862,CAT1862,Furniture,2025-03-21 04:44:05
1863,CAT1863,Clothing - Basic,2025-04-18 18:10:05
1864,CAT1864,Classic Sports,2025-07-22 21:09:05
1865,CAT1865,Books,2025-06-16 05:33:05
1866,CAT1866,Toys - Compact,2025-03-07 19:48:05
1867,CAT1867,Advanced Food,2025-01-29 15:07:05
1868,CAT1868,Garden,2025-11-03 22:48:05
1869,CAT1869,Automotive - Classic,2025-05-19 19:28:05
1870,CAT1870,Compact Health,2025-05-20 20:53:05
1871,CAT1871,Beauty,2025-10-24 00:25:05
1872,CAT1872,Jewelry - Classic,2025-02-26 17:45:05
1873,CAT1873,Compact Music,2025-10-02 17:02:05
1874,CAT1874,Office,2025-04-02 12:40:05
1875,CAT1875,Pet - Standard,2025-07-07 18:39:05
1876,CAT1876,Basic Baby,2025-02-04 03:51:05
1877,CAT1877,Art,2025-04-12 22:07:05
1878,CAT1878,Industrial - Compact,2025-10-17 04:48:05
1879,CAT1879,Deluxe Medical,2025-10-04 01:32:05
1880,CAT1880,Electronics,2025-02-07 23:24:05
1881,CAT1881,Tools - Premium,2025-08-22 18:15:05
1882,CAT1882,Professional Furniture,2025-11-01 21:53:05
1883,CAT1883,Clothing,2025-02-14 17:24:05
1884,CAT1884,Sports - Deluxe,2025-11-16 06:09:05
1885,CAT1885,Professional Books,2025-03-05 02:27:05
1886,CAT1886,Toys,2025-01-10 20:28:05
1887,CAT1887,Food - Classic,2025-06-08 23:13:05
1888,CAT1888,Compact Garden,2025-02-27 11:16:05
1889,CAT1889,Automotive,2025-09-21 20:41:05
1890,CAT1890,Health - Compact,2025-07-16 07:37:05
1891,CAT1891,Advanced Beauty,2025-01-08 20:15:05
1892,CAT1892,Jewelry,2025-03-04 03:46:05
1893,CAT1893,Music - Superior,2025-01-08 16:02:05
1894,CAT1894,Standard Office,2025-06-09 03:04:05
1895,CAT1895,Pet,2025-08-13 12:47:05
1896,CAT1896,Baby - Basic,2025-11-26 12:12:05
1897,CAT1897,Deluxe Art,2025-11-08 02:42:05
1898,CAT1898,Industrial,2025-11-22 19:04:05
1899,CAT1899,Medical - Premium,2025-11-21 06:25:05
1900,CAT1900,Standard Electronics,2025-07-05 05:22:05
1901,CAT1901,Tools,2025-05-21 20:06:05
1902,CAT1902,Furniture - Superior,2025-09-06 21:54:05
1903,CAT1903,Professional Clothing,2025-11-24 01:42:05
1904,CAT1904,Sports,2025-08-13 04:17:05
1905,CAT1905,Books - Deluxe,2025-01-16 07:32:05
1906,CAT1906,Vintage Toys,2025-09-01 05:20:05
1907,CAT1907,Food,2025-07-21 05:13:05
1908,CAT1908,Garden - Basic,2025-01-29 10:51:05
1909,CAT1909,Compact Automotive,2024-12-09 09:11:05
1910,CAT1910,Health,2025-05-26 07:42:05
1911,CAT1911,Beauty - Superior,2025-03-06 23:22:05
1912,CAT1912,Compact Jewelry,2025-05-16 06:14:05
1913,CAT1913,Music,2025-07-18 04:16:05
1914,CAT1914,Office - Basic,2025-07-03 09:01:05
1915,CAT1915,Vintage Pet,2025-05-05 00:41:05
1916,CAT1916,Baby,2025-08-28 12:00:05
1917,CAT1917,Art - Superior,2025-08-08 20:47:05
1918,CAT1918,Advanced Industrial,2024-12-10 05:51:05
1919,CAT1919,Medical,2025-01-23 08:24:05
1920,CAT1920,Electronics - Modern,2025-11-18 00:41:05
1921,CAT1921,Basic Tools,2025-10-14 04:00:05
1922,CAT1922,Furniture,2025-08-26 22:35:05
1923,CAT1923,Clothing - Standard,2025-09-26 21:41:05
1924,CAT1924,Professional Sports,2025-08-10 16:31:05
1925,CAT1925,Books,2025-07-23 23:53:05
1926,CAT1926,Toys - Superior,2024-12-29 07:57:05
1927,CAT1927,Professional Food,2025-02-04 11:16:05
1928,CAT1928,Garden,2025-03-30 12:17:05
1929,CAT1929,Automotive - Standard,2025-11-16 22:44:05
1930,CAT1930,Modern Health,2025-10-30 16:56:05
1931,CAT1931,Beauty,2025-06-23 10:29:05
1932,CAT1932,Jewelry - Elite,2024-12-16 00:23:05
1933,CAT1933,Modern Music,2025-03-30 23:02:05
1934,CAT1934,Office,2025-11-24 14:11:05
1935,CAT1935,Pet - Superior,2025-04-21 04:07:05
1936,CAT1936,Standard Baby,2025-06-25 15:16:05
1937,CAT1937,Art,2025-10-14 22:19:05
1938,CAT1938,Industrial - Elite,2025-05-09 09:04:05
1939,CAT1939,Elite Medical,2025-03-21 13:00:05
1940,CAT1940,Electronics,2025-08-31 09:45:05
1941,CAT1941,Tools - Professional,2025-03-19 14:33:05
1942,CAT1942,Superior Furniture,2025-06-15 06:36:05
1943,CAT1943,Clothing,2025-03-22 22:22:05
1944,CAT1944,Sports - Vintage,2025-08-26 22:36:05
1945,CAT1945,Classic Books,2025-10-25 17:57:05
1946,CAT1946,Toys,2025-01-25 17:12:05
1947,CAT1947,Food - Superior,2025-06-30 01:15:05
1948,CAT1948,Premium Garden,2025-02-26 18:17:05
1949,CAT1949,Automotive,2025-11-25 03:48:05
1950,CAT1950,Health - Elite,2025-08-19 07:55:05
1951,CAT1951,Elite Beauty,2025-04-30 07:48:05
1952,CAT1952,Jewelry,2025-06-12 13:04:05
1953,CAT1953,Music - Modern,2025-02-12 20:49:05
1954,CAT1954,Modern Office,2025-04-23 00:10:05
1955,CAT1955,Pet,2025-03-24 10:29:05
1956,CAT1956,Baby - Superior,2025-11-25 17:30:05
1957,CAT1957,Advanced Art,2025-12-08 06:14:05
1958,CAT1958,Industrial,2025-04-29 07:02:05
1959,CAT1959,Medical - Modern,2025-07-15 09:50:05
1960,CAT1960,Deluxe Electronics,2025-01-17 11:47:05
1961,CAT1961,Tools,2025-09-13 04:24:05
1962,CAT1962,Furniture - Compact,2024-12-22 13:16:05
1963,CAT1963,Professional Clothing,2025-11-02 02:05:05
1964,CAT1964,Sports,2025-10-03 01:38:05
1965,CAT1965,Books - Superior,2025-11-25 15:26:05
1966,CAT1966,Elite Toys,2025-08-02 10:46:05
1967,CAT1967,Food,2025-07-15 23:12:05
1968,CAT1968,Garden - Vintage,2025-02-09 01:41:05
1969,CAT1969,Vintage Automotive,2025-01-22 18:09:05
1970,CAT1970,Health,2025-07-19 12:38:05
1971,CAT1971,Beauty - Deluxe,2025-10-26 09:55:05
1972,CAT1972,Compact Jewelry,2025-06-16 14:09:05
1973,CAT1973,Music,2025-04-07 17:09:05
1974,CAT1974,Office - Compact,2024-12-22 15:02:05
1975,CAT1975,Vintage Pet,2025-10-23 13:39:05
1976,CAT1976,Baby,2025-09-30 12:53:05
1977,CAT1977,Art - Professional,2025-01-01 05:32:05
1978,CAT1978,Standard Industrial,2025-01-01 17:20:05
1979,CAT1979,Medical,2025-02-03 05:38:05
1980,CAT1980,Electronics - Vintage,2025-04-22 04:22:05
1981,CAT1981,Vintage Tools,2025-10-05 12:43:05
1982,CAT1982,Furniture,2025-01-18 21:09:05
1983,CAT1983,Clothing - Premium,2025-06-15 06:32:05
1984,CAT1984,Vintage Sports,2025-02-24 00:06:05
1985,CAT1985,Books,2025-10-05 19:24:05
1986,CAT1986,Toys - Basic,2025-08-10 20:42:05
1987,CAT1987,Modern Food,2025-04-08 14:49:05
1988,CAT1988,Garden,2025-07-14 22:16:05
1989,CAT1989,Automotive - Professional,2025-03-29 06:07:05
1990,CAT1990,Elite Health,2025-09-19 22:26:05
1991,CAT1991,Beauty,2025-11-03 06:49:05
1992,CAT1992,Jewelry - Modern,2025-04-09 15:31:05
1993,CAT1993,Elite Music,2025-05-29 08:14:05
1994,CAT1994,Office,2025-04-12 23:14:05
1995,CAT1995,Pet - Superior,2025-01-09 11:38:05
1996,CAT1996,Premium Baby,2025-10-16 09:14:05
1997,CAT1997,Art,2025-05-19 05:44:05
1998,CAT1998,Industrial - Superior,2025-09-26 11:17:05
1999,CAT1999,Standard Medical,2025-05-13 06:44:05
2000,CAT2000,Electronics,2025-11-01 03:21:05
